0,247社区
1,奥克斯电气
2,奥兰里
3,奥林匹克博物馆
4,奥林花园
5,安乐村
6,安光小学
7,安光村
8,安光油墨厂
9,安太里
10,安定里
11,安泽里
12,安津医院
13,安裕新村
14,安达桥
15,安阳道
16,敖北
17,敖嘴村口
18,敖西
19,爱国东里
20,爱国北里
21,爱国里
22,爱营里
23,艾林庄
24,艾蒲庄
25,阿尔卑斯
26,鞍山西道
27,鞍山道
28,BBA公司
29,五号堤路
30,保利天汇
31,保利海棠湾
32,保安大街
33,保定桥
34,保定道
35,保山南里
36,保泽道
37,保盈里
38,保税仓
39,保税区公交站
40,保税区管委会
41,保税路
42,俵口中学
43,俵口乡政府
44,八一礼堂
45,八仙山公交站
46,八仙里
47,八台港
48,八堡
49,八堡村
50,八字桥
51,八户庄
52,八景园
53,八栋楼
54,八里台
55,八里台水厂
56,八里台第一小学
57,八里台镇卫生院
58,八里台镇卫生院(便民站)
59,八里台镇工业区南门
60,八里台镇潘家洼
61,八里坊
62,八里坊北区
63,八里庄(京福公路)
64,八里庄(胜利大街)
65,八里庄[武清区]
66,八里桥中心小学
67,八里桥村
68,八里铺村
69,八门城镇
70,兵营桥
71,别山医院
72,别山村
73,别山镇
74,别山镇政府
75,办公厅
76,包头道
77,包营村
78,北三村
79,北义
80,北五里
81,北京科技大学天津学院
82,北仇庄
83,北仑里
84,北仓
85,北仓礼堂
86,北何庄
87,北六里屯
88,北刘村
89,北区北门(创业路交警大队)
90,北区西里东门
91,北医道
92,北和顺村
93,北城街
94,北塘企业总部
95,北塘公交站
96,北塘古镇
97,北塘大街
98,北塘指挥部
99,北塘文体中心
100,北塘社区服务中心
101,北塘馨宇家园
102,北大港农场
103,北大港农场(杨苏公路)
104,北大港农场三队
105,北大附中
106,北太平庄
107,北孙庄
108,北宁公园
109,北安桥
110,北安楼
111,北小屯
112,北小屯邦喜路口
113,北岸印象
114,北岸尚城
115,北张庄
116,北抛庄
117,北擂鼓台
118,北新楼
119,北方五金城
120,北方动力
121,北方装饰城
122,北方黄金珠宝园
123,北旺
124,北水泉村
125,北汪家庄
126,北洋桥
127,北洋集装箱
128,北海粮油
129,北海路
130,北淮淀村
131,北清沟
132,北湖村
133,北王平
134,北王庄
135,北环东路
136,北疆电厂
137,北站
138,北站[万柳村大街]
139,北站[地铁站]
140,北站体育场
141,北站体育场(北宁公园)
142,北竹林
143,北肖楼
144,北营门桥
145,北辛庄
146,北辰中医院
147,北辰医院
148,北辰大厦
149,北辰工业园(京宝工业园)
150,北辰开发区站
151,北辰开发区管委会
152,北辰科技园
153,北辰科技园北
154,北辰西道
155,北辰西道京福路
156,北辰西道高铁桥
157,北辰道
158,北辰郊野公园
159,北运河桥
160,北里八口
161,北门(北马路)
162,北门(城厢中路)
163,北闸口中学
164,北闸口小学
165,北闸口开发区
166,北闸口文化体育艺术中心
167,北闸口镇卫生院
168,北陈花园
169,北靳庄
170,北靳庄南口
171,北韩路韩家墅
172,北马营
173,北马集
174,北鲁庄子
175,北鲁庄工业园区
176,北麻疸村
177,半壁店
178,博信汽配
179,博惠苑
180,博才里
181,博瑞家园
182,博盛园
183,博迈科海洋工程
184,博雅花园
185,卞兴
186,变电所路
187,宝业馨苑
188,宝元村
189,宝坻一中
190,宝坻三中
191,宝坻书香园
192,宝坻二中
193,宝坻五中
194,宝坻交通局
195,宝坻公交总站
196,宝坻医院
197,宝坻医院南门
198,宝坻四中
199,宝坻客运站
200,宝坻宾馆
201,宝坻巡警支队
202,宝坻广川路
203,宝坻建设路
204,宝坻总工会
205,宝坻档案局
206,宝坻民政局
207,宝坻法院
208,宝坻火车站
209,宝坻百货大楼
210,宝境栖园
211,宝山道
212,宝平景苑
213,宝平景苑南门
214,宝平立交桥
215,宝德学院
216,宝成博物苑(宝成奇石园)
217,宝星花园
218,宝聚家园
219,宝芝麻窝
220,宝鑫东门
221,宝鑫中门
222,宝鑫北门
223,宝鑫南门
224,宝龙城
225,宾水南里
226,宾水桥
227,宾水西道
228,宾水道(卫津南路)
229,宾水道(宾水西道)
230,宾西桥(宾悦桥)
231,宾西楼
232,宾馆南道
233,宾馆南道宾西楼
234,宾馆西路
235,宾馆西路(天津宾馆)
236,本溪楼
237,本溪路
238,本溪路地铁站
239,本溪路地铁站(本溪路)
240,本溪路站
241,板桥
242,板桥农场
243,板桥纸厂
244,板桥镇
245,板桥镇政府
246,标准厂房
247,标准食品
248,泊江东里
249,渤油基地
250,渤油基地公交站
251,渤海医院
252,渤海大楼(和平路)
253,渤海大楼(大沽北路)
254,渤海天易园
255,渤海度假村
256,渤海石油大厦(渤海石油路)
257,渤海石油大厦(渤港中心路)
258,渤海职业技术学院
259,渤海钻探研究院
260,渤龙公寓
261,渤龙山庄
262,渤龙山庄(高新六路)
263,渤龙湖庆典广场
264,滨城商厦
265,滨悦花园
266,滨愉园
267,滨新小区
268,滨旅产业园
269,滨江商厦(山西路)
270,滨江商厦(河北路)
271,滨江道(乐宾百货)
272,滨江道(伊势丹商厦)
273,滨江道(吉利大厦)
274,滨江道(国际商场)
275,滨江道(营口道)
276,滨河医院
277,滨河小区
278,滨河庭苑
279,滨海一号酒店
280,滨海三号酒店
281,滨海伊势丹
282,滨海伊势丹东门
283,滨海创业园
284,滨海名都
285,滨海国泰大厦
286,滨海国际花卉园
287,滨海大学城
288,滨海学院东门
289,滨海客运站
290,滨海客运站(109路)
291,滨海小外小学二部
292,滨海文化中心西门
293,滨海新区公交公司
294,滨海新区区委党校
295,滨海新区政府
296,滨海新村
297,滨海新村西区
298,滨海旅游区
299,滨海机场巴士站(机场货运区)
300,滨海汉沽客运站
301,滨海汽车园
302,滨海法庭
303,滨海法庭(949路)
304,滨海湖公园
305,滨海职业技术学院
306,滨海职业技术学院(厦门路)
307,滨海胜佳
308,滨海道
309,滨海重机园
310,滨海银行大田支行
311,滨海高新区
312,滨海龙都小区
313,滨湖路
314,濒开里
315,白万公路
316,白万路津港公路
317,白塔寺
318,白塘口
319,白塘口中心街
320,白塘口北
321,白塘口南
322,白峪村
323,白庄子
324,白庙
325,白庙公交站
326,白庙客运(津宇客运站)
327,白杨树
328,白杨树(津静公路)
329,白毛庄
330,白滩
331,白领公寓
332,白鹭湾
333,百兴里
334,百利电气
335,百合春天
336,百合路(百和路)
337,百货大楼(新华路口)
338,百货大楼(百盛购物中心)
339,百货大楼(福安大街)
340,石油新村一区
341,石油新村五区
342,石油新村六区
343,石油新村四区
344,碧岭园
345,碧桂园
346,碧桂园滨海城
347,碧水园
348,碧水庄园
349,碧水蓝湾花园
350,碧泉花园
351,碧波园
352,碧波街
353,碧溪卓园
354,碧溪卓园东门
355,碧溪夏园
356,碧溪秋园
357,碧溪雅园
358,碧玉家园
359,碧玉家园(喜邦线)
360,碧野新苑
361,腾旺道(北辰医药园)
362,薄台子
363,薄庄(大新路)
364,薄庄(宝武路)
365,薄庄子村
366,行政审批局
367,邦均中学
368,邦均公交站
369,邦均医院
370,邦均镇
371,部队农场
372,靶场
373,万兴工业园
374,仓上屯
375,仓上屯村
376,仓前庄
377,仓联庄
378,出头岭
379,出头岭村
380,出头岭镇
381,出头岭镇政府
382,创业中心
383,创业总部基地
384,创业路炼油厂
385,创意产业园
386,创意米兰
387,创新三路
388,创新二路
389,创新四路
390,创源道
391,原筑
392,城上村
393,城关医院
394,城厢东路
395,城厢东路(北城街)
396,城市之光
397,城建大学
398,城建高职学院
399,城际美景
400,城际美景东门
401,宸宜花园
402,岔房子
403,岔房子村碑
404,崇仁里(山西路)
405,崇仁里(河北路)
406,崇安里
407,崔兴沽村
408,崔家码头
409,崔庄子
410,崔成庄
411,崔辛庄村
412,崔黄口
413,崔黄口东关
414,崔黄口医院
415,崔黄口客运站
416,崔黄口小区
417,崔黄口西门
418,崔黄口镇政府
419,川南里
420,川府新村
421,川府新村站
422,川江里
423,川野集团
424,常家村
425,常州村
426,常州道
427,常州里(常州道)
428,常州里(靖江路)
429,常流庄
430,常青藤公寓
431,床单五厂
432,彩丽园
433,彩云街
434,彩虹花园
435,彩虹里南门
436,惠山道
437,慈水园
438,成人中专
439,成发馨苑
440,成林道
441,成科机电
442,昌凌路
443,昌凌路桥
444,昌海公寓
445,春光里
446,春华园
447,春华路
448,春华里
449,春发香料
450,春合体育用品厂
451,春和仁居
452,春和景明
453,春天花园
454,春年北里
455,春晖北里
456,春曦道
457,春曦道静文路
458,春江里
459,春港花园
460,春蕾巷
461,春阳南里
462,春阳路
463,春风里
464,晨光道
465,晨星园
466,晨晖北里
467,晨晖北里东门
468,晨晖里
469,晨晖里西门
470,晨阳花园
471,曹园小区(天狮学院东门)
472,曹场
473,曹官庄(北纬三路)
474,曹官庄(胜利大街)
475,曹家口
476,曹庄
477,曹庄地铁站
478,曹庄地铁站(曹庄)
479,曹庄子
480,曹庄子花卉市场
481,曹庄村
482,曹庄村委会
483,曹庄欣苑
484,曹庄欣苑南门
485,曹庄欣苑西门
486,曹氏弯管
487,曹辛庄
488,曹道口村
489,朝阳小学
490,朝阳小学(新港三号路)
491,朝阳新村
492,朝阳村
493,朝阳楼
494,朝阳花园
495,朝阳花园[滨海汉沽]
496,朝阳道
497,朝霞
498,村元电子
499,查里世家家具
500,柴庄子
501,柴楼新庄园
502,柴楼新庄园站
503,橙翠园
504,残联
505,汊沽港
506,汊沽港医院
507,汊沽港四街
508,汊沽港文体中心
509,汊沽港科技谷公交站
510,汊沽港镇初级中学
511,沧江道
512,测井站
513,潮宗桥
514,潮白河大桥
515,潮阳大道
516,潮阳花园
517,潮音寺
518,澄江路站
519,灿特电子
520,畅源道
521,程华欣苑
522,程庄子
523,程村
524,程林东里
525,程林二村
526,程林公墓(天津市第二殡仪馆)
527,穿港路
528,穿芳峪中学
529,穿芳峪村
530,穿芳峪镇
531,穿芳峪镇政府
532,糙甸
533,翠亨广场
534,翠亨花园
535,翠亨花园南里
536,翠亨花园南里(北杨线)
537,翠亨路武清城际站
538,翠南庄
539,翠园
540,翠屏山
541,翠屏山镇东
542,翠屏山镇西
543,翠微街
544,翠景园小区
545,翠水园
546,翠湖新村
547,翠阜新村
548,船仓峪
549,船沽村
550,苍峰园
551,苍穹道
552,茨州村
553,茨洲村
554,茶棚
555,茶淀示范镇
556,茶淀镇
557,茶淀馨苑一号门
558,茶西村
559,菜园村
560,蔡公庄
561,蔡公庄开发区
562,诚信里
563,财城大厦
564,财经大学
565,财经大学地铁站(财经大学)
566,赤贯桥
567,赤霞园
568,赤龙家园
569,超汇桂盟
570,车站立交桥
571,车管所
572,辰光路
573,辰兴路
574,辰兴路站
575,辰旺路
576,辰旺路[北辰道]
577,辰泰桥
578,辰泰集团
579,辰纬路
580,辰纬路北
581,辰纬路南
582,辰达北路
583,辰达路
584,辰远路
585,采油一厂
586,采油五厂
587,重庆街
588,重庆道
589,重阳里
590,长华里
591,长城公寓
592,长城大道
593,长城汽车公寓[中南四街]
594,长城汽车公寓[南大街]
595,长城汽车公寓[夏青路]
596,长城里
597,长官屯
598,长屯
599,长征路
600,长春道公交站
601,长春道津塔公交站
602,长江公寓
603,长江道
604,长江道[滨海塘沽]
605,长沙路
606,长泰园
607,长湖路
608,长虹公园
609,长虹公园东门
610,长虹街
611,陈咀
612,陈咀村
613,陈咀桥
614,陈咀镇政府
615,陈唐庄
616,陈嘴镇
617,陈官屯
618,陈官屯火车站
619,陈家口中心小学
620,陈家口村
621,陈家圈村
622,陈家寨
623,陈家沟
624,陈家河
625,陈寨庄村
626,陈山庄
627,鞍山西道地铁站(原传染病医院)
628,丁字沽
629,丁字沽一号路
630,丁字沽八段
631,丁字沽公交站
632,丁字沽十一段
633,丁字沽十一段(勤俭道)
634,丁字沽十三段(丁字沽一号路)
635,丁字沽十三段(咸阳北路)
636,丁字沽四段
637,丁家套
638,丁家房子
639,丁家村
640,丁庄
641,丁庄子
642,东丽体育中心
643,东丽北部许可中心
644,东丽国防教育基地
645,东丽大道
646,东丽开发区
647,东丽开发区三经路
648,东丽开发区二经路
649,东丽开发区五经路
650,东丽开发区六经路
651,东丽开发区站(东丽开发区轻轨公交站)
652,东丽开发区管委会
653,东丽排管处
654,东丽新业广场
655,东丽新业广场(东丽开发区)
656,东丽湖公交站
657,东丽湖度假村
658,东丽湖生态公园
659,东丽湖路
660,东丽礼堂
661,东丽航空商务区
662,东丽航空商务区南
663,东丽郊野公园
664,东九道
665,东二道
666,东于圈
667,东于庄
668,东于庄[蓟州区]
669,东五台寺
670,东五道中环东路
671,东井峪
672,东八道
673,东八里庄
674,东六经路
675,东兰坨
676,东兴市场
677,东兴立交桥
678,东北角
679,东升村
680,东升村(七里海大道)
681,东升里
682,东升里[武清区]
683,东南仁垺
684,东南角
685,东双塘(京福公路)
686,东双塘(双兴街)
687,东台子
688,东后子峪
689,东咀(东嘴)
690,东四路
691,东四道
692,东城家园
693,东堤头
694,东堤头商贸城(枫水湾)
695,东堤头大桥(华北桥)
696,东堤村
697,东堼
698,东塘坨
699,东大屯
700,东大屯(喜邦线)
701,东大屯中心站
702,东大站
703,东大站联合小学
704,东大街
705,东姜井
706,东姜井站
707,东孔庄
708,东孟庄村
709,东安驾校
710,东定福庄
711,东寨[宝坻大新路]
712,东寨[宝坻宝武路]
713,东寨[静海区]
714,东小王台村
715,东小许庄村
716,东尹村委会
717,东局子
718,东庄
719,东庄坨
720,东店子
721,东康家园
722,东张庄
723,东张庄公交站
724,东惠家园
725,东房子
726,东抛庄
727,东方仕嘉
728,东方商业街
729,东方大桥
730,东方小区
731,东方尚都
732,东方文化广场
733,东方新城
734,东方红立交桥
735,东施古镇
736,东昌路口
737,东李自沽
738,东杨庄村
739,东柳木村
740,东树深村
741,东桑园
742,东桑园(津静公路)
743,东桑园桥
744,东桥头
745,东桥头村
746,东梗
747,东棘坨村
748,东棘坨镇政府
749,东楼
750,东江路
751,东江路公交站
752,东江道洞庭路
753,东江道风致里
754,东河头村
755,东河筒
756,东泥沽
757,东洲桥
758,东海云天北门
759,东海商厦
760,东海花园
761,东淀
762,东王庄
763,东瑞家园
764,东瓦村
765,东疆商品交易市场
766,东疆港公交站(东疆金融贸易中心)
767,东疆湾景区
768,东疆第二联检服务中心
769,东疆纪念公园
770,东疆邮轮母港
771,东白庄
772,东白闸
773,东盈里
774,东睦粉末冶金
775,东移民
776,东窑
777,东窑洼
778,东绣针口
779,东肖庄
780,东芦庄村
781,东花园
782,东葛岑
783,东董村
784,东蛇麻港
785,东西仓村
786,东西庄房村
787,东贾口
788,东走线窝
789,东赵庄
790,东赵庄村[宁河区]
791,东赵庄村委会
792,东路庄
793,东辛庄
794,东边庄东
795,东边庄西
796,东运庄村
797,东郭家庄
798,东钓台
799,东长屯
800,东门外
801,东风北里
802,东风南路
803,东风地道(862路/962路)
804,东风地道(大直沽西路)
805,东风立交桥
806,东风里
807,东风里公交站
808,东马坊
809,东马路
810,东魏甸
811,东鲁沽
812,东齐各庄村
813,东龙虎峪村
814,丹东街
815,丹东里
816,丹佛斯
817,丹江路
818,丹江道公交站
819,丹江里
820,丹河道
821,丹荔园
822,丹霞园
823,代庄子
824,低碳产业基地
825,低碳实践基地
826,党校路口
827,兴宇路东七道
828,冬云里
829,冬平园
830,冬梅轩
831,动漫园
832,动物园
833,动物园站
834,南口路(第一医院)
835,古街西口
836,地华里
837,地球物理公司
838,地道口
839,地道口[滨海塘沽]
840,堤北里
841,堤南里
842,墩庄子
843,多伦道
844,大东路口
845,大丰堆
846,大丰桥
847,大丰西胡同
848,大丰路
849,大于庄
850,大于庄村
851,大任庄
852,大任庄北
853,大任庄小学
854,大任庄村
855,大众家园
856,大侯庄
857,大侯庄新区
858,大光明市场
859,大光明市场(泉州路)
860,大光明桥
861,大光明桥(十一经路)
862,大八亩坨村
863,大兰各庄村
864,大兴峪村(大星峪村)
865,大兴庄
866,大刘坡
867,大刘坡村委会
868,大刘堡
869,大刘村
870,大化乐金公司
871,大化技校
872,大化西门
873,大北涧沽村
874,大千佛顶村
875,大千管业
876,大卷子村
877,大口屯
878,大口屯医院
879,大口屯派出所
880,大口屯火车站
881,大口屯路
882,大口屯镇北
883,大同道
884,大同道(建设路)
885,大同门
886,大同门(洪湖里)
887,大吕庄
888,大周庄
889,大唐庄
890,大地十二城
891,大坨村
892,大埝村
893,大堼上中学
894,大堼上村
895,大套村
896,大孙各庄
897,大孙庄
898,大孙庄小学
899,大孙庄村委会
900,大孟庄
901,大学城地铁站
902,大学城地铁站(大学城)
903,大安小区
904,大安村
905,大安桥
906,大安海福花园
907,大安道
908,大宗商品交易市场
909,大宝庄
910,大宫城
911,大宫城东村
912,大宫城南村
913,大宫城西村
914,大寨
915,大寺
916,大寺东
917,大寺中学
918,大寺新家园
919,大寺村
920,大寺镇政府
921,大寺龙居花园
922,大屯
923,大巨各庄
924,大庄子
925,大庄子桥
926,大庆道小学
927,大庆里
928,大庆里(黑牛城道)
929,大张屯
930,大张庄
931,大彩各庄
932,大押虎寨
933,大明道
934,大明道营德路
935,大曲河
936,大曹庄
937,大月河
938,大李庄
939,大杨各庄
940,大杨庄
941,大杨庄[宝坻区]
942,大柳滩小学
943,大柳滩村
944,大柳滩桥
945,大桥道
946,大桥道市场
947,大桥道食品公司
948,大梁子派出所(新城派出所)
949,大梁子渡口
950,大梁子渡口公交站
951,大毕庄
952,大毕庄(金钟街)
953,大毕庄中学
954,大江里
955,大汪庄
956,大沙沃村
957,大沙沃村(木大路)
958,大沙河公共汽车站
959,大沙窝村
960,大沽化工厂
961,大沽化工厂[临港厂区]
962,大沽南路
963,大沽南路日报大厦
964,大沽桥
965,大沽物流公司
966,大沽路小白楼
967,大洋冻品
968,大海北
969,大港一中
970,大港世纪广场
971,大港东环路
972,大港二中
973,大港二小
974,大港八中
975,大港公交站
976,大港公园
977,大港公园北门
978,大港医院
979,大港四中
980,大港学苑路
981,大港实验中学
982,大港支队
983,大港新客运站
984,大港曙光里
985,大港村
986,大港桃园小区
987,大港油田总医院
988,大港游泳馆
989,大港电厂
990,大港电厂生活区
991,大港石化公司
992,大港石化园区
993,大港老客运站
994,大港财政局
995,大港郭庄子
996,大港郭庄子(547路)
997,大滩
998,大王台村
999,大王圈村
1000,大王圈村(大王圈路)
1001,大王圈村西
1002,大王庄
1003,大王庄村
1004,大王御史
1005,大田小区
1006,大田庄
1007,大田村
1008,大田村委会
1009,大田村村口
1010,大田镇
1011,大田镇政府
1012,大白庄
1013,大白庄镇第二小学
1014,大直沽
1015,大直沽(东兴路)
1016,大直沽三号路
1017,大直沽五号路
1018,大直沽后台(大直沽中路)
1019,大直沽后台(荐福道)
1020,大石峪村
1021,大碱厂镇
1022,大神堂
1023,大神堂六街
1024,大神堂四街
1025,大站新村
1026,大红桥
1027,大肚庄
1028,大胡同商贸中心
1029,大胡同商贸中心(605路)
1030,大胡同长途客运站
1031,大艇村
1032,大良庄
1033,大芦庄
1034,大苏庄村委会
1035,大营门
1036,大袁庄村
1037,大角甸
1038,大诸庄[大诸庄路]
1039,大贾庄
1040,大贾庄口
1041,大赵各庄
1042,大辛中学
1043,大辛村
1044,大连东道
1045,大连道
1046,大道口
1047,大道口西
1048,大道张庄
1049,大邓庄
1050,大邱庄
1051,大邱庄公交站
1052,大邱庄工业区
1053,大邱庄桥
1054,大邱庄镇政府
1055,大钟八字桥
1056,大钟庄农场
1057,大钟镇
1058,大陈庄
1059,大陈庄[宝坻区]
1060,大韩庄
1061,大韩庄小学
1062,大顷甸村
1063,大马杓沽村
1064,大高庄
1065,大麦沽村
1066,大黄土庄北
1067,大黄土庄南
1068,大龙湾村
1069,天桥医院
1070,定向井公司
1071,定福庄
1072,定福庄村
1073,帝景度假村
1074,店子
1075,当城
1076,当城东
1077,当城批发市场
1078,德园
1079,德恩公寓
1080,德悦里
1081,德才里
1082,德才里(吴家窑)
1083,德景花园
1084,德盈里
1085,德益里
1086,德远高级中学
1087,德锦里
1088,杜家庄
1089,杜鹃道乐桥里
1090,洞庭一号桥
1091,洞庭路
1092,洞庭路[地铁站]
1093,洞庭路[集疏港公路]
1094,洞庭路七大街
1095,洞庭路六大街
1096,洞庭路北口
1097,洞庭路四大街
1098,独乐寺
1099,独流
1100,独流减河大桥
1101,独流减河桥
1102,独流医院
1103,独流购物中心
1104,独流镇
1105,独流镇二小
1106,独流集贸市场
1107,独立村
1108,王村公交站
1109,电传新能源公司
1110,电力机车
1111,电厂家属院
1112,电子信息职业学院
1113,电子科技十八所
1114,电缆公司
1115,电表厂
1116,电装电机
1117,登州路地铁站
1118,登州路地铁站(登州路)
1119,登州里
1120,稻地
1121,窦庄子[蓟州区]
1122,窦庄子公交首末站
1123,窦庄子村委会
1124,第一大街公交站
1125,第一大街站
1126,第七大街(第七大街站)
1127,第三医院(正义道)
1128,第三医院(江都路)
1129,第三石油化工厂
1130,第三社区
1131,第三钻井公司
1132,第九大街站
1133,第二儿童医院
1134,第二冷冻厂
1135,第二夏利厂
1136,第二大街
1137,第二大街(第二大街站)
1138,第二热源厂
1139,第五大街(南海路)
1140,第五大街站
1141,第六中药厂
1142,第六城
1143,第六埠
1144,第六大街(第六大街站)
1145,第六大道站
1146,第十一大街站
1147,第十大街站
1148,第四大街(第四大街站)
1149,翟庄子村委会
1150,董庄
1151,董庄镇政府
1152,董莫院
1153,董莫院(义塘路)
1154,董莫院学校
1155,蝶桥公寓
1156,豆张庄医院
1157,豆张庄村
1158,豆张庄法庭
1159,豆张庄火车站
1160,达园
1161,道古峪
1162,邓善沽
1163,邓善沽中学
1164,邓店村
1165,都市桃源公寓
1166,都旺新城
1167,钢管公司地铁站
1168,钢管公司地铁站(钢管公司)
1169,顶佳园
1170,顶园食品
1171,顶新总部
1172,顶益食品
1173,顶秀欣园
1174,鼎盛科技
1175,EOD总部港
1176,二七一医院
1177,二七二医院
1178,二五四医院
1179,二化道口
1180,二十五中学
1181,二十里铺
1182,二号公寓
1183,二号桥
1184,二号门(新港一号路)
1185,二号门(海安路)
1186,二号院
1187,二号院邮局(创业路二号院)
1188,二宫
1189,二宫南门(光华路)
1190,二宫南门(富民路)
1191,二煤气
1192,二煤气立交桥
1193,二王公庄
1194,二穆(天津市第二回民公墓)
1195,二米庄
1196,二经路
1197,二道桥
1198,二道沟
1199,二里店
1200,二附属医院
1201,二附属西门
1202,儿童世界
1203,儿童医院
1204,儿童村
1205,儿童药业
1206,尔王庄
1207,芭而蒂服饰
1208,一汽丰田西门
1209,丰乐里
1210,丰产河
1211,丰产河地铁站
1212,丰华电子小区
1213,丰台南
1214,丰台镇
1215,丰台镇政府
1216,丰年村
1217,丰泽二大道
1218,丰泽道
1219,丰津传动
1220,丰田发动机厂
1221,丰田合成
1222,丰田模具
1223,丰盈西苑
1224,丰盛园
1225,丰达园
1226,付台村
1227,付家屯村
1228,佛罗伦萨小镇
1229,佛罗伦萨小镇北门
1230,傅庄村委会
1231,傅村
1232,冯台子
1233,冯台村
1234,冯家庄
1235,冯高庄
1236,凤凰小区
1237,凤凰路
1238,凤城楼
1239,凤山道
1240,凤歧里
1241,凤河桥
1242,发展二路
1243,发展二道
1244,复兴庄
1245,复兴路
1246,复兴路[地铁站]
1247,复兴门
1248,复地温莎堡
1249,复康路八里台
1250,奉化道
1251,奉献南里
1252,妇女创业中心
1253,妇幼医院
1254,宝坻房管局
1255,富兴庄
1256,富兴御园
1257,富力城公交站
1258,富力桃园
1259,富力津门湖
1260,富华小区
1261,富城庄园
1262,富士康
1263,富士胶片
1264,富士通天
1265,富奥电装空调
1266,富平里
1267,富康小区
1268,富有庄村
1269,富民商业街
1270,富民桥
1271,富民路
1272,富民路昆仑路口(原天津钢厂)
1273,富民路站
1274,富民里北门
1275,富泉公寓
1276,富王庄
1277,富裕家园
1278,富通南门
1279,富通集团
1280,富龙湾家园
1281,峰山药王庙
1282,峰山药王庙公园
1283,府君山公园
1284,府君庙
1285,府君庙(津静公路)
1286,府君庙中学
1287,府君庙医院
1288,府君花园
1289,府君里
1290,方家庄
1291,方家庄工业园
1292,方山道站(方山道公交站)
1293,方山道跃进路口
1294,服务外包园
1295,枫丹天城
1296,枫叶学校(北海路)
1297,枫叶学校(第三大街)
1298,枫叶苑
1299,枫景湾
1300,枫林路
1301,汾水道
1302,汾河南道
1303,泛马公交站(泛马装饰城)
1304,涪江南里
1305,福保产业园
1306,福光公寓
1307,福全里小区
1308,福兴医院
1309,福升园
1310,福华里
1311,福和园
1312,福园
1313,福姜路(芥园西道)
1314,福安里
1315,福康花园
1316,福康里
1317,福建路(奉化道)
1318,福建路(闽侯路)
1319,福慧花园
1320,福泽园
1321,福津园
1322,福润园
1323,福渔园
1324,福港园
1325,福港园西门
1326,福源花园
1327,福源道口
1328,福满园
1329,福滨路
1330,福盛园
1331,福绣园
1332,福绣园西门
1333,福苑小区
1334,福苑庄路口
1335,福达苑
1336,福运佳园
1337,福迪砼构件
1338,福鑫路
1339,福锦园
1340,福馨公寓
1341,翡翠半岛
1342,芳峪
1343,芳景里
1344,芳林泰达园
1345,芳樱路华侨城实验学校
1346,芳水园
1347,芳水河畔
1348,芳溪园
1349,芳草园
1350,芳菲路公交站
1351,芳馨园
1352,范家庄
1353,范庄子(京福公路)
1354,范庄子(胜利大街)
1355,范庄子生态园
1356,费庄
1357,阀门厂
1358,阜春河桥
1359,阜盛道
1360,阜锦道
1361,阜阳里
1362,防潮闸
1363,防疫站
1364,风仪村
1365,风光里
1366,风屏公寓
1367,风荷园
1368,飞云道
1369,飞马缝纫机
1370,万博广场
1371,中医二附院
1372,估衣街
1373,光华桥
1374,光华里
1375,光明村
1376,光明楼
1377,光明道口(杨村第一中学)
1378,光明里
1379,光荣道
1380,光辉集团
1381,公乐园小区
1382,公交三公司
1383,公交四公司
1384,公安局进出入境管理中心
1385,公安总部基地
1386,公安缉毒大队
1387,公安街
1388,公安警官职业学院
1389,公用技师学院
1390,公路口[津静公路]
1391,公路工程所
1392,公路管理所
1393,冠云东里
1394,冠云西里
1395,功达集团
1396,功道学院
1397,古北道
1398,古文化街玉皇阁
1399,古林街社区服务中心
1400,古林里
1401,古海岸遗迹博物馆
1402,古海道
1403,古香峪
1404,国和园
1405,国园市场
1406,国土资源与房屋管理学院
1407,国土资源局
1408,国地税
1409,国宜里
1410,国家农业科技园区
1411,国家园村
1412,国家电网
1413,国山路
1414,国泰桥
1415,国电客服北方园区
1416,国美电器
1417,国翔公寓(睦宁一街支路)
1418,国翔公寓(睦宁路)
1419,国航大厦
1420,国际企业大道
1421,国际温泉高尔夫[中心大道]
1422,国际温泉高尔夫[中环西路]
1423,国际轮胎
1424,国风星苑
1425,天职师大
1426,天职师大站(天职师大公交站)
1427,官善村
1428,官庄
1429,官庄镇北
1430,官庄镇医院
1431,官庄镇南
1432,官房
1433,官房村委会
1434,官港
1435,官港家园
1436,官港森林公园
1437,工业区
1438,工业区(徐庄子)
1439,工业大学新校区东门
1440,工业大学附属小学
1441,工人新村(上海道)
1442,工人新村(营口道)
1443,工农大桥
1444,工农村
1445,工华道(梓苑路)
1446,工华道(榕苑路)
1447,工商银行
1448,工地
1449,工程研究所
1450,工程职业技术学院
1451,工程职业技术学院西校区
1452,工程队宿舍
1453,广东路西南楼
1454,广厦中里
1455,广厦家园
1456,广宁路(中山门四号路)
1457,广宁路(广宁路)
1458,广川大酒店
1459,广州道中心北路
1460,广州道小学
1461,广州道福建北路
1462,广开四马路
1463,广开四马路地铁站
1464,广开四马路地铁站(广开四马路)
1465,广开里
1466,广播中心
1467,广海道
1468,广瑞路
1469,广贤路
1470,广阳里
1471,建昌道育红路
1472,归航路
1473,挂月庄
1474,挂甲寺
1475,果园东路
1476,果园北道
1477,果园南道(丹凤里)
1478,果园南道(旭日里)
1479,果园辛庄路口
1480,果香峪
1481,果香峪村口
1482,格兰庭苑
1483,格兰苑
1484,格调艺术领地
1485,桂林路
1486,桂苑路
1487,橄榄苑
1488,沽上江南
1489,津围公路津榆路口
1490,港东新天地
1491,港中医院
1492,港佳道
1493,港务公司
1494,港南交警大队
1495,港南农场
1496,港南医院
1497,港口医院
1498,港口医院(港医路)
1499,港和路
1500,港城大道公交站
1501,港城大道夏青路
1502,港星里
1503,港滨路
1504,港滨路(816路)
1505,港琪物流
1506,港虹地毯
1507,港西新城
1508,港达路
1509,港通路
1510,港顺大厦
1511,甘泉
1512,甘肃路(多伦道)
1513,甘肃路(鞍山道)
1514,管城村
1515,管路电装空调
1516,管铺头
1517,苟家营
1518,葛九桥
1519,葛沽
1520,葛沽体育馆
1521,葛沽公交站
1522,葛沽公交站(金龙里)
1523,葛沽创意中心
1524,葛沽镇医院
1525,观园公寓
1526,规划局
1527,谷庄子
1528,谷庄子小学
1529,贵州路
1530,贵州路体育馆
1531,贵州路天和医院
1532,贵环小区
1533,贵贤里
1534,贵阳里
1535,贵麒麟装饰城
1536,迎宾大道
1537,郭官屯
1538,郭家沟
1539,郭庄子村[西青区]
1540,郭庄子村委会
1541,郭庄村
1542,郭黄庄
1543,钢丝绳厂
1544,钢材市场
1545,钢瑕里
1546,钢管公司
1547,钢管公司东门
1548,钢管制铁公司
1549,钢花道
1550,锅伙
1551,阁林园
1552,阁林园(622路/628路)
1553,革新桥
1554,革新道
1555,顾家庄路口
1556,顾庄子
1557,高八庄
1558,高坨村
1559,高官屯
1560,高家庄信用社
1561,高家村
1562,高家楼(京福公路)
1563,高家楼(胜利大街)
1564,高小王
1565,高峰路
1566,高庄
1567,高庄中学
1568,高庄子
1569,高庄子[静海区]
1570,高庄子小学
1571,高庄子村
1572,高庄水库
1573,高新七路
1574,高新公寓
1575,高新区地铁站
1576,高新区地铁站(高新区)
1577,高新区市民广场
1578,高新区惠新路公交站
1579,高新区消防支队
1580,高新区综合服务中心
1581,高新区警民办
1582,高新区软件园
1583,高新区高新公寓
1584,高新大道
1585,高新大道(765路)
1586,高新大道津围线
1587,高景村
1588,高村公交站
1589,高泽村
1590,高王路涞鱼路口
1591,高田汽配
1592,高辛庄公交站
1593,高达食品设备
1594,高速公路口
1595,高速口
1596,高铁于家堡站
1597,高铁滨海北站
1598,高雅苑
1599,鼓楼
1600,鼓楼东
1601,鼓楼商业街
1602,一号公交首末站(海河教育园一号公交站)
1603,东六道环河东路
1604,东赵庄
1605,二经路三纬路(河西大楼超市)
1606,亨远路
1607,亨通花园
1608,亨通路枫丹天城
1609,会宾园
1610,会宾园(周邓纪念馆)
1611,会展中心
1612,会展中心公交站
1613,会议中心
1614,何仉庄
1615,何兴庄
1616,何兴庄(金钟河大街)
1617,何兴庄公交站
1618,何兴庄外环小区(河兴庄外环小区)
1619,何兴村
1620,何庄子花市
1621,侯台公交站
1622,侯台村
1623,侯台花园
1624,侯家营公交站
1625,侯家营镇
1626,侯家营镇政府
1627,侯庄子村
1628,化工大楼
1629,化轻旭阳
1630,卉安道
1631,卉康路(卉康道)
1632,华丰家园
1633,华云园
1634,华亭国际
1635,华亭国际东门
1636,华伦塑料
1637,华侨城实验学校
1638,华北农机仓库
1639,华北医院
1640,华北城
1641,华北集团
1642,华北集团工业园
1643,华城景苑
1644,华堂
1645,华夏未来
1646,华夏科技园
1647,华天道
1648,华宁电子
1649,华宁道
1650,华安里西门
1651,华山路
1652,华山里地铁站
1653,华山里地铁站(华山里)
1654,华峰楼
1655,华幸小区
1656,华庄子
1657,华府御墅
1658,华庭豪苑
1659,华康路
1660,华恒包装
1661,华旗资讯
1662,华昌道
1663,华明三纬路
1664,华明商贸中心
1665,华明商贸中心公交站
1666,华明新家园北公交站
1667,华明新家园南公交站
1668,华明镇
1669,华明集团
1670,华景家园
1671,华智里
1672,华智里(芥园西道)
1673,华泰农业园
1674,华津制药
1675,华润万家北辰店
1676,华润中央公园
1677,华润橡树湾
1678,华盛寺
1679,华盛小区
1680,华福小区
1681,华科一路
1682,华科七路
1683,华科二路
1684,华科五路
1685,华科创业中心
1686,华科四路
1687,华科大街
1688,华翠公园
1689,华翠小区
1690,华翠洋房
1691,华苑东区
1692,华苑东路
1693,华苑东路绮华里
1694,华苑小区站
1695,华苑新城
1696,华苑西路
1697,华苑路
1698,华苑雅士道
1699,华贸大厦
1700,华闽石材市场
1701,华阳里
1702,华隆小区南门
1703,华隆小区西门
1704,华鼎智地
1705,南何庄
1706,发展一道
1707,合安园
1708,合家广场
1709,合生创展
1710,合畅园
1711,合畅园南门
1712,合肥道
1713,同心路公交站(海河教育园二号公交站)
1714,后丁庄村
1715,后丁庄村(京福公路)
1716,后六家口
1717,后刘瘸庄村
1718,后圈村
1719,后堡村
1720,后寒河
1721,后寨
1722,后小屯
1723,后屯
1724,后屯村
1725,后幼庄
1726,后张司马
1727,后树
1728,后桑园
1729,后棘坨村
1730,后江石沽村
1731,后沽中学
1732,后沽村委会
1733,后现代城
1734,后苏庄
1735,后营
1736,后辛庄
1737,后辛村
1738,后邓庄村
1739,后邦道沽村
1740,和富里
1741,和平村
1742,和平街
1743,和平路
1744,和平里
1745,和悦花园
1746,和睦西里
1747,和美苑
1748,和苑公交站
1749,和苑街文化卫生综合楼
1750,和荣苑
1751,和谐园
1752,和远领居花园
1753,和静家园
1754,和顺地
1755,和顺家园
1756,和顺家园五区
1757,和顺家园六区
1758,和风路派出所
1759,哈喇庄
1760,哈密公园
1761,哈密道(山西路)
1762,哈密道(河北路)
1763,回家庄
1764,壕门
1765,天塔南(原环湖医院)
1766,好新家园
1767,好美嘉园
1768,宏泰工业园
1769,宏源道
1770,宏达公寓
1771,宏达机械
1772,宝力圣尼
1773,宝力圣尼(和山路)
1774,弘贯道首创溪堤郡
1775,怀仁里
1776,恒兴钢业
1777,恒大名都
1778,恒大御景半岛
1779,恒大绿洲
1780,恒广科技园
1781,恒悦化工公司
1782,恒生科技园
1783,恒缘福酒店
1784,恒辛庄路口
1785,惠友道
1786,惠山道
1787,惠州里
1788,惠民里
1789,惠泽嘉园
1790,惠泽沁园
1791,惠苑里
1792,惠鑫花园
1793,慧捷路
1794,慧明道
1795,慧林园
1796,慧谷科技园
1797,慧风溪(双威)
1798,换新水产
1799,新慧路公交站(海河教育园一号公交站)
1800,杭州道中心北路
1801,杭州道医院
1802,杭州道新河庄
1803,杭州道福建北路
1804,欢乐谷东
1805,欢喜庄
1806,欢坨大桥(金钟河桥)
1807,欢坨村
1808,汇丰园
1809,汇光小区
1810,汇和家园
1811,汇德园
1812,汇海北里
1813,汉中里
1814,汉华世家
1815,汉沟
1816,汉沽一中
1817,汉沽中心站
1818,汉沽五中
1819,汉沽交通运输管理局
1820,汉沽八街
1821,汉沽公交公司
1822,汉沽六中
1823,汉沽医院(402路)
1824,汉沽医院(455路)
1825,汉沽大剧院
1826,汉沽客运站
1827,汉沽广播电视中心
1828,汉沽建行
1829,汉沽建设路
1830,汉沽总医院
1831,汉沽新城公交站
1832,汉沽检察院
1833,汉沽法院
1834,汉沽火车站
1835,汉沽百货大楼
1836,汉沽红霞里
1837,汉沽职专
1838,汉沽职专(二经路)
1839,汉沽规划展览馆
1840,汉沽邮政局
1841,汉港路官房
1842,汉港路茶棚
1843,汉蔡路
1844,河东万达广场
1845,河东体育场
1846,河东支队
1847,河北七马路
1848,河北三马路
1849,河北五马路
1850,河北四马路
1851,河北大街
1852,河北屯镇政府
1853,河北工业大学分院东区(文澜阁)
1854,河北工业大学分院教学楼
1855,河北工业大学分院教师公寓
1856,河北工业大学分院校门口
1857,河北工业大学分院活动中心
1858,河北工业大学分院西区
1859,河北工业大学北辰校区教师楼
1860,河北工业大学教师公寓(津永公路)
1861,河南路
1862,河头小学
1863,河头村
1864,河景园
1865,河滨公园
1866,河西一小(一经路)
1867,河西一小(四纬路)
1868,河西三小
1869,河西公园
1870,河西刑侦支队
1871,河西务
1872,河西支队
1873,河西第一幼儿园
1874,泰达现代化工业区
1875,洪家庄村
1876,洪水庄
1877,洪泽花园
1878,洪泽路
1879,洪湖里
1880,洪湖里地铁站
1881,浩源路
1882,浩物北辰汽车园
1883,浩物骏驰4S店
1884,浩达公寓(碧春里)
1885,海上国际城
1886,海光寺
1887,海光寺公交站
1888,海军后勤
1889,海博道
1890,海吉星
1891,海吉星南门
1892,海图出版社
1893,海天路
1894,海尚豪庭
1895,海山北里
1896,海山南里
1897,海川园
1898,海川园西门
1899,海教园体育场
1900,海教园管委会
1901,海旭道
1902,海昌商业街
1903,海明园
1904,海星道
1905,海景园
1906,海晶南园
1907,海晶家居城
1908,海棠湾
1909,海河东路六经路
1910,海河东路国泰桥
1911,海河东路滨河庭苑
1912,海河中学(台儿庄路)
1913,海河中学(解放南路)
1914,海河创意中心
1915,海河医院
1916,海河故道
1917,海河教育园二号公交站
1918,海河教育园管理中心
1919,海河科技园区公交站
1920,海河科技园管委会
1921,海油工程
1922,海油还迁房
1923,海波道
1924,海泰东路
1925,海泰信息广场
1926,海泰北公交站
1927,海泰北道
1928,海泰华科一路
1929,海泰南公交站
1930,海泰南公交站(学府工业区)
1931,海泰南北大街
1932,海泰发展一道
1933,海泰发展六道
1934,海泰发展基地
1935,海泰大厦
1936,海泰工业园
1937,海泰建设
1938,海泰西路
1939,海泽园
1940,海洋石油工程
1941,海洋高新区管委会
1942,海津大桥
1943,海润园
1944,海滨五路
1945,海滨人民医院
1946,海滨人民医院(建安路)
1947,海滨园
1948,海滨大道
1949,海滨学校
1950,海滨学校终点站
1951,海滨宿舍
1952,海滨工程检测公司
1953,海滨物流城
1954,海滨街社区服务中心
1955,海澜花园小区
1956,海燕公寓
1957,海特公司
1958,海益国际
1959,海翔公寓
1960,海航大集
1961,海西路
1962,海语城
1963,海达家乐一店
1964,海达家乐一店(终点站)
1965,海达家乐三店
1966,海达家乐二店
1967,海远别墅
1968,海通园
1969,海通街
1970,海邻里
1971,海鑫路
1972,海门大桥
1973,海防路
1974,海韵园
1975,海馨园
1976,涵溪园
1977,淮兴园
1978,淮和园
1979,淮河道
1980,淮河道公交站
1981,淮河道地铁站(淮河道)
1982,淮淀工业园
1983,淮淀村
1984,淮祥园
1985,湖北路
1986,瀚景园
1987,火炬创业园
1988,灰堆
1989,灰堆南
1990,环亚公司
1991,环亚国际马球会
1992,环保地球村
1993,环卫机扫中心
1994,环宇饭店
1995,环河北路
1996,环河南路
1997,环河西路
1998,环渤海农产品交易物流中心
1999,环渤海农产品交易物流中心(环渤海商贸城)
2000,环渤海商贸城
2001,环渤海国际家居
2002,环渤海建材市场
2003,环湖东路
2004,环湖中路
2005,环湖北里
2006,环湖南里
2007,环湖西里
2008,环美大酒店
2009,皇冠酒店
2010,皇姑庄
2011,福巷嘉苑小区
2012,科创慧谷
2013,红光农场
2014,红光家园
2015,红光里
2016,红十字会医院
2017,红升里
2018,红山里
2019,红旗农贸批发市场
2020,红旗地道
2021,红旗村
2022,红旗路
2023,红旗路(长虹公园)
2024,红星支路
2025,红星村
2026,红星桥
2027,红星美凯龙东丽店
2028,红星路
2029,红桥北大街
2030,红石崖
2031,红磡会馆
2032,红磡公寓
2033,红磡玉水园
2034,红磡钟楼
2035,红磡领世郡北门
2036,红花峪
2037,红运路
2038,红霞里
2039,胡北路
2040,胡家园
2041,胡家园[宝坻区]
2042,胡家园[轻轨站]
2043,胡家庄村
2044,胡张庄
2045,胡晋村
2046,胡辛庄
2047,航大宾馆
2048,航大宾馆(驯海路)
2049,航天公寓
2050,航天北里
2051,航天十一院
2052,航天城
2053,航天置业
2054,航天路北
2055,航天路南
2056,航母公园
2057,航母公园[终点站]
2058,航母野战营
2059,航海路
2060,航海道
2061,航空路
2062,航空路南(西子联合)
2063,航空路西八道
2064,航运中心
2065,航运中心(北港路)
2066,花卉示范中心
2067,花园村
2068,花园里
2069,花岗岩市场
2070,花明园
2071,花明园(第三大街站)
2072,花果峪
2073,花样年花郡
2074,花香漫城
2075,荷塘月色家园
2076,荷月阁
2077,荷香园
2078,衡山路
2079,貉子沽
2080,贺兰路
2081,贺福里
2082,邯郸道
2083,郝台子
2084,郝各庄
2085,郝堡村
2086,霍各庄
2087,霍屯
2088,霍庄子
2089,韩家口
2090,韩家坝
2091,韩家墅
2092,韩家墅市场
2093,韩家墅集团
2094,韩家记
2095,韩庄
2096,韩盛庄
2097,鸿华里
2098,鸿富锦
2099,鸿昌广场
2100,鸿正绿色家园(福州道)
2101,鸿正绿色家园(车站北路)
2102,鸿泰花园
2103,鸿泽园
2104,鸿雁里
2105,鸿雁里南口
2106,鸿鹏花园
2107,黄圈村
2108,黄圈村[津沽公路]
2109,黄圈村委会
2110,黄圈村西
2111,黄土坡
2112,黄家台
2113,黄家花园
2114,黄家集村
2115,黄山路
2116,黄崖关公交站
2117,黄崖关风景区
2118,黄庄
2119,黄庄乡
2120,黄房子
2121,黄河道
2122,黄河道[滨海塘沽]
2123,黄河道桥
2124,黄河道蓝领公寓
2125,黄河道西南角
2126,黄海北路
2127,黄海路
2128,黄海里
2129,黄港第一幼儿园
2130,黄纬路
2131,黄花店中学
2132,黄花店中心街
2133,黄花店二街村
2134,黄花店公交站
2135,黄花店医院
2136,黄花店小学
2137,黄花店镇
2138,黄辛庄村
2139,黑水河
2140,黑牛城道
2141,黑狼口
2142,东沽路津南新城
2143,中北外环京福公路(宝峨机械)
2144,久华里
2145,九十二中
2146,九十五中学
2147,九十堡
2148,九华山路
2149,九园七号路
2150,九园九号路
2151,九园二号路
2152,九园公路
2153,九园四号路
2154,九园石材城
2155,九园第二大街
2156,九园管委会
2157,九大桥
2158,九川道
2159,九汇建国
2160,九江里
2161,九王庄
2162,九连山路
2163,九连山路站
2164,九通家园
2165,九道沟
2166,九道沟村委会
2167,九龙里
2168,井下作业公司
2169,井冈山桥
2170,井冈山路
2171,井冈山路公交站
2172,交管北辰支队
2173,交警四大队
2174,交警支队[蓟州区]
2175,交警滨海大队
2176,交通大楼
2177,交通宾馆
2178,交通局[武清区]
2179,交通新村
2180,交通职业学院
2181,京东第一镇
2182,京东第一集
2183,京华桥
2184,京津公路杨村站
2185,京津新城公交站
2186,京津新城管委会
2187,京畿鼎园
2188,京福公路[津同公路]
2189,京福支线
2190,京粮粮油
2191,今晚报大厦
2192,今晚报大厦(海光寺)
2193,佳和康庭
2194,佳和雅庭
2195,佳园北里
2196,佳园南里
2197,佳园南里(果酒厂)
2198,佳园新里
2199,佳园里
2200,佳宁道
2201,佳宁里
2202,佳庆道
2203,佳荣商场
2204,佳音里
2205,俭字沽
2206,俱乐部
2207,假日风景
2208,健康产业园
2209,健身公园
2210,健身园
2211,傑麦
2212,冀营村
2213,军丽园
2214,军事交通学院
2215,军事交通学院分院
2216,军华园
2217,军悦里
2218,军粮城
2219,军粮城市场
2220,军粮城示范镇
2221,剑桥郡南门
2222,剧场
2223,劲量电池
2224,华翼蓝天
2225,卷子
2226,吉兆路
2227,吉华里
2228,吉宁里
2229,吉庆道(菊芳路)
2230,吉庆道(高泰路)
2231,吉林路
2232,吉象
2233,君利农业示范园
2234,君利大厦
2235,君悦花苑
2236,君泰公寓
2237,嘉丰路
2238,嘉平道
2239,嘉春园
2240,嘉泰花园
2241,嘉畅园
2242,嘉禾丽水园
2243,嘉禾产业园
2244,嘉陵南里
2245,嘉陵南里站
2246,嘉陵里
2247,四号房
2248,均利石材
2249,均利石材市场
2250,天华小区
2251,姜家庄
2252,姜家甸村
2253,季庄子
2254,季景新城
2255,宁河家乐超市
2256,宝坻交警支队
2257,家乐超市[蓟州区]
2258,家兴里
2259,家华里
2260,家合里
2261,家家幸福商业中心
2262,家泰里
2263,家福园
2264,家诚里
2265,尖山宿舍
2266,尖山宿舍(土城)
2267,尖山路
2268,居华里
2269,居安里
2270,居安里东门
2271,居官屯
2272,巨川金海岸
2273,巨葛庄北
2274,巨葛庄村委会
2275,建北里
2276,建华医院
2277,建华学校(静海体校)
2278,建国
2279,建工新村
2280,建工里小区
2281,建平楼
2282,建新东里
2283,建新村
2284,建新里
2285,建昌桥
2286,建昌道
2287,建昌道[地铁站]
2288,建材路第二大街
2289,建港里
2290,建湖道
2291,建褔园
2292,建设五支路
2293,建设大厦
2294,建设路口
2295,建设路富民里
2296,建邦时代汇
2297,捷安特
2298,搅拌站
2299,教职中心
2300,新闻中心
2301,旧县
2302,景华春天
2303,景各庄
2304,景园里
2305,景明花园
2306,景瑞花园
2307,景瑞阳光尚城
2308,景盛路
2309,景祥路
2310,景致里
2311,景茗道
2312,景荔道
2313,景荷道
2314,景蓬道
2315,景观路
2316,景远路高新大道
2317,机场一号路
2318,机场东门
2319,机场办公区
2320,机场大厦
2321,机场边检站
2322,机械总公司
2323,机电工业学院
2324,机米厂综合楼
2325,极地海洋世界(坨地道)
2326,极地海洋世界(河南东路)
2327,江水道
2328,江泰路
2329,江洼口
2330,江海陶瓷
2331,江湾一支路
2332,江湾二支路
2333,江石窝
2334,江都路
2335,泾水园
2336,泾水道
2337,津九轩
2338,津华西大街(原津英中学)
2339,津南区卫生局
2340,津南区政府
2341,津南图书馆
2342,津南大剧院
2343,津南实验小学
2344,津南开发区北京街
2345,津南开发区管委会
2346,津南开发区重庆街
2347,津南开发区韩国城
2348,津南新城
2349,津南汽车检测中心
2350,津南第三阀门公司
2351,津围公路
2352,津塔
2353,津塘二线
2354,津塘公路
2355,津塘路
2356,津宇客运站
2357,津工驾校
2358,津榆路口
2359,津歧公路学苑路
2360,津永路口
2361,津汉公路宁静高速口
2362,津汉公路首创溪堤郡
2363,津海公路二号路
2364,津海公路六号路
2365,津涞花园
2366,津淄桥
2367,津港高速辅路
2368,津湾广场
2369,津滨发展
2370,津滨科技园(近开里)
2371,津百楼
2372,津秦高铁滨海站
2373,津苑里
2374,津谊桥
2375,津谷数码大道
2376,津门中学
2377,津门湖公交站
2378,津门里
2379,焦庄子村
2380,玖龙公寓
2381,玖龙纸业
2382,玖龙纸业(573路)
2383,疾控中心
2384,眷兹村
2385,碱厂邮局
2386,碱场
2387,碱坨
2388,精武佳苑(小南河村委会)
2389,精武镇国际商城
2390,精武镇政府
2391,精武门
2392,纪庄子
2393,纪庄子前街
2394,纪念碑(万人坑纪念碑)
2395,纪念馆路
2396,纪明家园西门
2397,经三路
2398,经济技术研究院
2399,经纬城市绿洲
2400,聚贤道公交站
2401,聚龙小区
2402,胸科医院
2403,芥园西道
2404,芥园西道(芥云桥南)
2405,芥园西道公交站
2406,芥园里
2407,菁华津城
2408,菊香园
2409,董甸路吉庆道
2410,蓟州一中
2411,蓟州中医院
2412,蓟州中学
2413,蓟州二中
2414,蓟州交通局
2415,蓟州公安局
2416,蓟州四中
2417,蓟州图书馆
2418,蓟州大学城
2419,蓟州大学城(盘山南路)
2420,蓟州客运站
2421,蓟州客运站正门
2422,蓟州开发区
2423,蓟州开发区公交站
2424,蓟州房管局
2425,蓟州新城北区
2426,蓟州水务局
2427,蓟州火车站
2428,蓟州火车站公交站
2429,蓟州烟草专卖局
2430,蓟州立交桥
2431,蓟州第八小学
2432,蓟州规划局
2433,蓟州鼓楼
2434,蓟运河大桥
2435,觉顺园
2436,解口村
2437,解放南路
2438,解放南路公交站
2439,解放村
2440,解放门
2441,贾各庄
2442,贾各庄东
2443,贾庄子
2444,车管所津西分所
2445,近开里
2446,进京路小学
2447,金三角
2448,金丽花园
2449,金佰汇商厦
2450,金侨大道
2451,金元宝商厦
2452,金元宝商厦西
2453,金元宝大五金
2454,金元宝滨海农产品交易市场
2455,金元宝滨海农贸市场
2456,金典园
2457,金凤里
2458,金华桥
2459,金华里
2460,金厦水语(水语花城)
2461,金和园
2462,金唐大厦
2463,金地紫乐府
2464,金城公寓
2465,金威创展园
2466,金山里
2467,金峰路
2468,金庭里
2469,金建里
2470,金才园
2471,金才园西门
2472,金旭园
2473,金明里
2474,金星里
2475,金月湾
2476,金月湾南门
2477,金桥小区
2478,金桥焊条
2479,金桥路(金桥工业园)
2480,金梦园
2481,金正阳物流
2482,金水桥
2483,金江路
2484,金江里
2485,金汤桥
2486,金沙江路
2487,金沙江路(民权门)
2488,金河家园
2489,金河家园(大毕庄)
2490,金泰丽湾
2491,金泰丽湾南门
2492,金泰峰家园
2493,金海园西门
2494,金海湖
2495,金海湖公交站
2496,金海花园
2497,金海道
2498,金温商贸城
2499,金湾设施农业园
2500,金牛花园
2501,金狮立交桥
2502,金石南里
2503,金福里
2504,金纬路
2505,金耀生物
2506,金耀集团
2507,金色家园
2508,金色领地
2509,金苑公寓
2510,金谷园
2511,金谷园公交站
2512,金谷里
2513,金跃集团
2514,金达热力
2515,金钟小学
2516,金钟新城生态社区
2517,金钟新市镇
2518,金钟河大街
2519,金钟河大街[地铁站]
2520,金钟河大街公交站
2521,金钢桥
2522,金钢桥公交站(金钢公园)
2523,金锅生态园
2524,金锅花卉基地
2525,金锚集团
2526,金门里
2527,金阜桥
2528,金雄集团
2529,金霞路
2530,金领公寓
2531,金鹏塑钢
2532,金鹏道
2533,金龙公司
2534,金龙花园
2535,鉴开中学
2536,钜宝电子
2537,锦园里
2538,锦州道
2539,锦庐
2540,锦江之星[天津南站店]
2541,锦江之星大酒店
2542,锦江里
2543,锦湖研发中心
2544,锦湖轮胎
2545,锦绣香江
2546,阜锦道金霞路
2547,集平里
2548,集贤道
2549,靖江东里
2550,靖江桥
2551,靖江路
2552,靖海路(盛星东海岸)
2553,静海一中
2554,静海一中(地纬路)
2555,静海一幼
2556,静海二中
2557,静海体校
2558,静海儿童乐园
2559,静海公交站(静海客运站)
2560,静海区中旺镇(港罗路)
2561,静海区中旺镇(蔡中路)
2562,静海区台头镇
2563,静海商场
2564,静海四中
2565,静海地税局
2566,静海宾馆
2567,静海汽车站
2568,静海火车站(前广场)
2569,静海火车站(联盟大街)
2570,静海烈士陵园
2571,静海第六中学
2572,静海驾校
2573,静湖花园东区
2574,静湖花园西门
2575,静溪园
2576,静雅园(子牙公交站)
2577,静馨园
2578,靳官屯
2579,靳家堼
2580,靳庄子
2581,颖华小区
2582,鲫鱼淀
2583,东方财信
2584,凯悦大酒店
2585,凯旋家园
2586,凯旋王国
2587,凯旋王国公交站
2588,凯旋苑
2589,凯旋苑西门
2590,凯旋门
2591,凯祥花园
2592,凯立家园
2593,凯诺实业
2594,口东开发区
2595,口东镇
2596,口东镇政府
2597,口腔医院(哈尔滨道口)
2598,坤元路
2599,孔家龙湾
2600,宽江庄扬水站
2601,宽馨园
2602,寇庄
2603,康乐园
2604,康乐园(鸿起顺饭庄)
2605,康刘庄
2606,康华里
2607,康各庄中学
2608,康和园
2609,康园道高王路口
2610,康复里
2611,康宁东门
2612,康宁津园
2613,康安街商业中心
2614,康居园
2615,康平里
2616,康庄
2617,康景园
2618,康桥里(终点站)
2619,康泽家园
2620,康达尚郡
2621,开云大厦
2622,开元里北门
2623,开元里南门
2624,开华道
2625,开发区大楼公交总站(北辰开发区公交总站)
2626,开发区宇川汽车城
2627,开发区海关
2628,开发区科技大学[天津科技大学泰达校区]
2629,开发区路口
2630,开发小区
2631,开封道
2632,开江南里
2633,开江里
2634,开泰科技园
2635,开源道口
2636,文化中心[东四道]
2637,旷世国际
2638,昆仑北里
2639,昆仑小区
2640,昆仑路崂山道
2641,昆仑里
2642,昆俞北路
2643,昆俞家园
2644,昆俞家园南门
2645,昆俞欣园
2646,昆俞路
2647,昆山里
2648,昆明路
2649,昆纬路
2650,昆纬路(中山路)
2651,柯文公司
2652,看才
2653,科学会堂
2654,科学家世纪园
2655,科技发展中心
2656,科技园
2657,科技大厦(融和广场)
2658,科技大学
2659,科技馆
2660,科林公司
2661,科科村
2662,科贸大厦
2663,科馨别墅
2664,空军医院
2665,空客
2666,空港医院
2667,空港商务园西区
2668,空港地铁公交站
2669,空港地铁公交站(空港经济区)
2670,空港天铁
2671,空港奥特莱斯南
2672,空港投资服务中心
2673,空港汽车园
2674,空港经济区
2675,空港经济区公交站
2676,空港经济区南口
2677,空港经济区图书馆
2678,空港经济区学校
2679,空港经济区海关
2680,空港经济区管委会
2681,空港西湖
2682,临池里
2683,临港公交站
2684,临港管委会
2685,临港经济区管委会
2686,临潼路
2687,临营西里
2688,丽新路
2689,丽景名苑
2690,丽景湾
2691,丽月湾
2692,丽江道
2693,丽港大厦
2694,丽湖环路南桥
2695,丽苑小区
2696,丽苑小区站
2697,乐东南里
2698,乐善村
2699,乐园公寓
2700,乐易购生活购物广场
2701,乐桥里
2702,乐至里
2703,乐金渤海
2704,六合里
2705,六合镁
2706,六安里
2707,六支路一大道
2708,六纬路八经路
2709,六纬路六经路
2710,六纬路六经路(大王庄)
2711,六纬路十三经路
2712,六纬路十二经路
2713,六经路[东丽开发区]
2714,六道口
2715,六道口教师公寓
2716,六道沟
2717,六道街村
2718,六里台
2719,六里台桥
2720,六里庄
2721,六间房
2722,兰亭里
2723,兰台
2724,兰家巷
2725,兰家庄
2726,兰州道
2727,兰江新苑西门
2728,兰苑
2729,兰苑路
2730,兰雅苑
2731,兰馨道
2732,凌奥创意产业园
2733,凌奥花园
2734,凌宾路
2735,凌庄子
2736,凌庄子道
2737,刘上道
2738,刘下道
2739,刘举庄
2740,刘台桥
2741,刘园地铁站
2742,刘园地铁站(刘园)
2743,刘园村
2744,刘园站
2745,刘园苗圃
2746,刘安庄
2747,刘安庄[津围公路]
2748,刘安庄东
2749,刘官庄
2750,刘家沟
2751,刘家码头
2752,刘家营
2753,刘岗庄中学
2754,刘岗庄村
2755,刘岗庄村委会
2756,刘庄[滨海大港]
2757,刘庄子
2758,刘庄子村
2759,刘庄子村[宁河区]
2760,刘庄户
2761,刘庄桥
2762,刘排庄
2763,刘祥庄
2764,刘辛庄
2765,刘黄庄
2766,利民站
2767,利民道
2768,利海家园
2769,力川集团生态农庄
2770,力神公司
2771,力高阳光海岸
2772,劳务市场
2773,劳动经济学校
2774,劳卫里
2775,双拥路
2776,吕官屯
2777,吕祖堂
2778,岭明里
2779,崂山道
2780,幸福商业广场
2781,廉庄乡政府
2782,廉庄村
2783,廉江里
2784,律纬路
2785,恋海园
2786,朗月轩
2787,朗钜
2788,李七庄
2789,李七庄[地铁站]
2790,李八庄
2791,李公楼
2792,李公楼(远洋国际中心)
2793,李台子
2794,李台村
2795,李各庄
2796,李嘴
2797,李四庄村
2798,李园
2799,李地大街
2800,李场
2801,李城村
2802,李家仓
2803,李家园
2804,李家圈
2805,李家房子村
2806,李家楼
2807,李家深高中
2808,李家甸村
2809,李庄子[静海区]
2810,李庄子桥
2811,李庄村
2812,李明庄公交站
2813,李楼
2814,李楼[西青区]
2815,李清庄
2816,李秀庄
2817,李自窝
2818,李花毛村
2819,李赵庄
2820,李辛庄
2821,来家庄
2822,来家庄村
2823,来源道
2824,林亭口镇
2825,林城佳苑
2826,林大路
2827,林奇郡
2828,林庄子
2829,林庄户村
2830,林苑北里
2831,柳云路
2832,柳兰花苑
2833,柳子口村
2834,柳杨道
2835,柳林
2836,柳树洼村
2837,柳溪苑
2838,柳溪苑小区
2839,柳滩
2840,柳苑公寓
2841,柳行路
2842,柳霞路
2843,柳馨园
2844,栗庄子村
2845,梁各庄
2846,梁头中学
2847,梁头中心小学
2848,梁头供销社
2849,梁头小白楼
2850,梁头影院小区
2851,梁头桥
2852,梁头镇中学
2853,梁头镇政府
2854,梁官屯
2855,梁庄子
2856,梨双路鑫港园
2857,梨园头
2858,梨木台公交站
2859,梨树园
2860,洛卡小镇
2861,流芳台
2862,流霞路
2863,淋河庄
2864,渌水道人人乐
2865,渌水道微山路
2866,渌水道站
2867,渌水道站(梅林路)
2868,渌水道艺林路
2869,渔港蓝白领公寓
2870,渤海三十路蓝领公寓
2871,滦河道
2872,漓江里
2873,潞河苑
2874,澧水道
2875,灵北制药
2876,灵峰里
2877,灵泉南里
2878,灵隐道
2879,炼油厂
2880,烈士陵园[宁河区]
2881,烈士陵园[西青区]
2882,珑园
2883,理工大学主校区
2884,理工大学主校区东门
2885,理工大学主校区公交站
2886,理工大学北门
2887,礼明庄中学
2888,礼明庄镇
2889,禄安大街百货大楼
2890,立中合金
2891,立新园林
2892,立林集团
2893,立遒工业园
2894,绫致时装有限公司
2895,绿博园
2896,绿地三期
2897,绿地别墅
2898,绿地景城
2899,绿岛家园
2900,绿洲大厦
2901,绿洲生态园
2902,绿色家园
2903,绿荫小区
2904,绿荫西路
2905,罗卜坨
2906,罗塘
2907,罗塘中心小学
2908,罗姆公司
2909,罗庄子镇北
2910,罗庄子镇南
2911,罗江西里
2912,罗浮路
2913,罗马广场
2914,罗马花园(罗兰花园)
2915,老上古林
2916,老君堂
2917,老圈村
2918,老安甸大桥
2919,老宋庄村
2920,老家庄
2921,老左营
2922,老年公寓
2923,老张庄
2924,老弯道
2925,老高寨村
2926,老鸦台
2927,联东U谷
2928,联东研创园
2929,联合研究院站
2930,联明安防城
2931,联盟村
2932,联盟村(红旗路)
2933,联通大厦
2934,良机公司
2935,良王庄
2936,芦中村
2937,芦前村
2938,芦北口
2939,芦北路
2940,芦台一小
2941,芦台三中
2942,芦台三小
2943,芦台五中
2944,芦台医院
2945,芦台四中
2946,芦台西大桥
2947,芦后村
2948,芦家峪村
2949,芦庄子
2950,芦新河
2951,芦新河村东口
2952,芦相庄村
2953,芦花庄园(龙海国际乡村俱乐部)
2954,莱茵小镇
2955,莱茵春天
2956,莱茵春天小区
2957,莲子营村
2958,莲安里
2959,莲花院
2960,莲香园
2961,蓝天公寓
2962,蓝天高科
2963,蓝山园
2964,蓝星化工厂
2965,蓝月亮
2966,蓝水园
2967,蓝水湾花园
2968,蓝海公交车站
2969,蓝海商贸城
2970,蓝湖郡
2971,蓝湖郡公交总站
2972,蓝苑小区
2973,蓟州公交总站(老电车大酒店公交站)
2974,蔺家庄
2975,蜡笔小新
2976,览桥里
2977,轮胎厂
2978,轮驳公司
2979,辽河北道
2980,迎风道地铁站(原理工大学)
2981,迎风道地铁站(迎风道)
2982,连云路
2983,连心里
2984,连环道
2985,邻里中心
2986,郎园
2987,里自沽农场
2988,铃铛阁
2989,陵水道
2990,隆福寺
2991,雷庄花卉市场
2992,雷沃
2993,露西亚(露西亚商街)
2994,领世深白
2995,领域路
2996,领雅苑
2997,骆古庄
2998,鲁山道
2999,鲁庄村
3000,鲤鱼门
3001,龙井里
3002,龙佳公寓
3003,龙凤新河桥
3004,龙华里
3005,龙吉园
3006,龙城里
3007,龙城里小区
3008,龙居六区
3009,龙山道
3010,龙山道昆仑路口
3011,龙山道祁连路口
3012,龙岩道
3013,龙武道
3014,龙江里(双水道)
3015,龙江里(梅林路)
3016,龙泉道
3017,龙泉里
3018,龙泽馨园
3019,龙津园
3020,龙洲道
3021,龙洲道站
3022,龙港小区
3023,龙湾城
3024,龙湾福泰花园
3025,龙滨园
3026,龙熙帝景
3027,龙王店村
3028,龙胤溪园
3029,龙虎庄村
3030,龙门东道
3031,龙阳道
3032,龙顺园
3033,名都新园
3034,名门世家
3035,孟圈村
3036,孟家楼
3037,孟庄园
3038,孟庄子
3039,孟庄村
3040,孟旧村
3041,密云一支路
3042,密云南里
3043,岷江路
3044,岷江里
3045,弥勒院
3046,弥勒院西
3047,敏华工业城
3048,明湖苑
3049,明珠花园
3050,明盛园
3051,明达窗业
3052,明阳风电
3053,木厂村
3054,木头窝村
3055,桃园路
3056,梅兰日兰
3057,梅厂
3058,梅厂集市
3059,梅林路浯水道
3060,梅林路龙江里
3061,梅江
3062,梅江中学
3063,梅江会展中心
3064,梅江会展中心南
3065,梅江南水岸公馆
3066,梅江小区
3067,梅江康城
3068,梅江康城东门
3069,梅江站
3070,梅江西公交站
3071,梅江西路
3072,梅江道地铁站(梅江道)
3073,梦和园
3074,棉四宿舍
3075,棉四宿舍(陈塘庄)
3076,棉纺新区
3077,棉纺新村
3078,毛家峪村
3079,毛家沟
3080,毛条桥
3081,毛毛匠村
3082,毛毡厂
3083,民主村
3084,民主街
3085,民主道
3086,民兴园
3087,民兴路
3088,民和道
3089,民安路
3090,民安里
3091,民宜里
3092,民族中学
3093,民族路
3094,民族路(建国道)
3095,民权门
3096,民权门桥
3097,民生街
3098,民航产业化基地
3099,民航大学(民航大学南区)
3100,民航大学南门(民航大学北区南门)
3101,民航大学南门(驯海路加油站)
3102,民贤里
3103,永进道
3104,满江东道
3105,满江道
3106,玛歌庄园
3107,玛钢里
3108,玫瑰庄园
3109,睦华里
3110,磨床厂(LG电子)
3111,穆马庄
3112,米兰花园
3113,米立方
3114,米立方海世界
3115,绵阳道
3116,美克公司
3117,美克天美公寓
3118,美克宿舍
3119,美域兰园
3120,美域豪庭
3121,美朗特
3122,美林园
3123,美韵园
3124,美韵家园
3125,苗庄镇
3126,苗枣庄
3127,茂悦府
3128,茗和里
3129,蒙村店
3130,门庄子
3131,门道口
3132,马伸桥镇
3133,马伸桥镇政府
3134,马圈头
3135,马场道
3136,马家店
3137,马家店(潮阳街道办事处)
3138,马庄
3139,马庄村
3140,马棚口一村
3141,马棚口二村
3142,马聪村
3143,马蹄湖
3144,马辛庄村
3145,马连庄村
3146,马郭庄
3147,马集
3148,马集路
3149,马鞍子桥
3150,鸣泉花园
3151,鸣石园
3152,鸣石苑
3153,鸣石苑北门
3154,麦穗沽村
3155,NBA中心
3156,倪黄庄
3157,内江路公交站
3158,农业银行(联盟大街)
3159,农业银行[京福公路]
3160,农产品市场
3161,农场三分场
3162,农学院
3163,农学院西校区
3164,农工新村
3165,农村教育培训中心
3166,农贸市场[津榆公路]
3167,农贸市场[滨海高新区]
3168,南东路口
3169,南丰路
3170,南丰里
3171,南二路
3172,南京路
3173,南京路海光寺
3174,南仁垺
3175,南付营
3176,南何庄[地铁站]
3177,南八里台[津港公路]
3178,南八里台工业园区
3179,南关
3180,南北卫里
3181,南北县豪
3182,南北台
3183,南北辛庄
3184,南华中学
3185,南双庙村
3186,南口东路
3187,南周庄
3188,南和顺村
3189,南和顺村委会
3190,南在沽
3191,南地大楼
3192,南地新楼口
3193,南城路
3194,南大桥
3195,南孙各庄村
3196,南孙庄[地铁站]
3197,南孙庄路口
3198,南富家屯村
3199,南山村
3200,南市
3201,南市旅馆街
3202,南市食品街
3203,南开三马路
3204,南开中学生态城分校
3205,南开中学生态城分校[中央大道]
3206,南开二纬路
3207,南开二纬路(二纬路)
3208,南开二马路
3209,南开五马路
3210,南开大学
3211,南开大学专家公寓
3212,南开大学公共教学楼
3213,南开大学图书馆
3214,南开大学学生活动中心
3215,南开大学新址西门
3216,南开大学新校北门
3217,南开大学新校南门
3218,南开大学新校西门
3219,南开大学滨海学院
3220,南开大学第一食堂
3221,南开大学第二食堂
3222,南开大学附属中学
3223,南开学校
3224,南开文化宫
3225,南开村
3226,南开村北
3227,南开花园
3228,南昌路
3229,南楼
3230,南横街
3231,南沽村
3232,南洋
3233,南海路
3234,南海路第十三大街
3235,南淮淀村
3236,南淮淀村(海清公路)
3237,南清沟
3238,南港工业区
3239,南港投资服务中心
3240,南湖第一小学
3241,南燕窝路口
3242,南王家庄村
3243,南王平
3244,南王庄
3245,南环红旗路
3246,南环路
3247,南环路公交站
3248,南申庄
3249,南益小区
3250,南程林
3251,南翠屏
3252,南胡村
3253,南胡村(七里海大道)
3254,南芮家庄
3255,南营
3256,南蔡市场
3257,南蔡村
3258,南车宿舍
3259,南部消防站
3260,南里八口
3261,南门
3262,南门(鼓楼)
3263,南门外大街
3264,南马路
3265,南马集
3266,南麻疸村
3267,宁乐里
3268,宁城楼
3269,宁新花园东门
3270,宁新花园西门
3271,宁月花园
3272,宁河交警支队(商业道)
3273,宁河交警支队(沿河路)
3274,宁河交警支队(玉芦线)
3275,宁河交通局
3276,宁河人力社保
3277,宁河体育馆
3278,宁河六幼
3279,宁河区医院
3280,宁河区政府
3281,宁河区青少年宫
3282,宁河基督教堂
3283,宁河官邸一号
3284,宁河审计局
3285,宁河消防队
3286,宁河现代产业园区
3287,宁河电力总公司
3288,宁河看守所
3289,宁河经济开发区
3290,宁河经济开发区(571路)
3291,宁河经济开发区路
3292,宁河邮政局
3293,宁河郊野公园
3294,宁河酒厂
3295,宁河镇
3296,宁河镇政府
3297,宁波道
3298,宁波里小学
3299,宁海路
3300,宁海路[奥莱城]
3301,怒江道
3302,牛口村
3303,牛坨子村
3304,牛坨子桥
3305,牛家牌
3306,牛庄子
3307,牛道口派出所
3308,牛道口镇
3309,牛镇
3310,牛镇新苑
3311,碾坨嘴
3312,聂公桥
3313,聂公桥(天塔)
3314,诺尔电气
3315,诺恩道
3316,欧亚花园
3317,欧泊城
3318,欧洲路宁夏道
3319,欧洲路陕西道
3320,欧美小镇公交站
3321,欧风国际商业街
3322,培智学校
3323,平和园
3324,平安庄村
3325,平安庄村(京福公路)
3326,平安街
3327,平安里
3328,平安里[静海区]
3329,平山道德才里
3330,平江南道
3331,平江南里
3332,平江里
3333,平泉道
3334,平湖里
3335,平祥园
3336,平阳里
3337,庞各庄
3338,庞家湾
3339,庞庄子
3340,庞庄子[静海区]
3341,普兴里
3342,普天童乐食品厂
3343,普洛斯西青物流园
3344,普济河东道
3345,普济河道立交桥
3346,普祥里
3347,普红馨苑
3348,朴楼
3349,朴楼成人学校
3350,浦口道
3351,潘家洼
3352,潘庄中学
3353,潘庄子
3354,潘庄子村[静海区]
3355,潘庄工业园区
3356,潘庄桥
3357,潘庄规划馆
3358,潘庄镇
3359,潘庄镇政府
3360,潘馨园
3361,畔水庭苑
3362,盆罐庄
3363,盘山家居广场
3364,盘山滑雪场
3365,盘山电业所
3366,盘山道
3367,盘山风景区
3368,盘谷卫城小区北
3369,盘谷卫城小区南
3370,蒲瑞和园
3371,蒲瑞祥园东区
3372,蒲瑞祥园中区
3373,蒲瑞祥园西区
3374,蒲瑞馨园
3375,蒲瑞馨园中区
3376,蒲瑞馨园西区
3377,鄱阳路
3378,七号路海关
3379,七堡村
3380,七星花园
3381,七星里
3382,七邻里
3383,七里台
3384,七里峰村
3385,七里海国家湿地公园
3386,七里海大道
3387,七里海镇
3388,七里香格
3389,七零七所大楼
3390,三岔口
3391,亲亲家园
3392,仇庄
3393,全和园
3394,全红桥
3395,前丁庄村
3396,前丁庄村(京福公路)
3397,前于飞村
3398,前十里河村
3399,前后苑
3400,前后辛庄
3401,前大安村
3402,前小屯
3403,前屯
3404,前常家堡
3405,前幼庄
3406,前张司马
3407,前捷道沽村
3408,前树
3409,前桑园
3410,前棘坨村
3411,前楼
3412,前槐树庄
3413,前江石沽村
3414,前沽村
3415,前程里
3416,前程里[滨海大港]
3417,前米村
3418,前莲花村
3419,前营
3420,前街村
3421,前进道
3422,前进里(世纪大道)
3423,前进里(喜荣街)
3424,前邦道沽村
3425,前陈甫
3426,前鲁沽
3427,劝宝东门
3428,劝宝西门
3429,劝宝购物
3430,劝宝超市西门
3431,勤俭桥
3432,勤俭道
3433,勤奋庄村
3434,勤威工业
3435,勤美达公司
3436,区体育馆
3437,区医院[武清区]
3438,区政府[武清区]
3439,千禧园
3440,千里堤翠溪园
3441,千间宿舍
3442,启运里
3443,啓新里
3444,屈庄子
3445,屈店开发区
3446,屈店村
3447,屈店闸
3448,庆祥北里北门
3449,晴景家园
3450,曲庄子
3451,曲苑风荷
3452,曲阜道
3453,权健集团
3454,栖仙公寓西区
3455,栖凤台
3456,栖霞道
3457,栖霞里
3458,桥北129栋
3459,桥北一小
3460,桥北公交站
3461,桥园里
3462,桥头庄
3463,桥头村
3464,桥沽村
3465,气象南里
3466,气象台路德才里
3467,求实里
3468,汽贸园
3469,汽车产业园管委会
3470,汽车园东路
3471,汽车园北路
3472,汽车园管委会
3473,汽车工业
3474,汽车市场
3475,汽配城
3476,泉丰桥
3477,泉升佳苑
3478,泉升佳苑东区
3479,泉升佳苑西区
3480,泉和桥
3481,泉富家园
3482,泉州路市场
3483,泉州路市场南门
3484,泉秀路
3485,泉达医院
3486,泉达路口
3487,泉集北里
3488,泉集南里
3489,泉集里
3490,清华瑞景
3491,清新园
3492,清枫园
3493,清水源
3494,清河农场
3495,清河村
3496,清泉路
3497,琦晟储运
3498,祈和新苑
3499,秋丽家园
3500,秋丽家园北门
3501,秋实园
3502,秋怡家园
3503,秋悦家园
3504,秋棠轩
3505,秋水苑
3506,秋瑞家园
3507,秦家庄村
3508,绮云里
3509,绮华里
3510,绮水苑
3511,群芳路
3512,职大海河教育园校区
3513,谦福道
3514,轻化所
3515,轻工职业学院(轻工机械厂)
3516,轻纺城公交站
3517,轻纺城蓝白领公寓
3518,轻轨东海路
3519,轻轨东海路(东海路)
3520,轻轨会展中心
3521,轻轨会展中心(会展中心)
3522,轻轨塘沽站
3523,轻轨塘沽站(塘沽)
3524,轻轨市民广场
3525,轻轨市民广场(市民广场)
3526,迁礼庄
3527,邱庄子村
3528,雀巢公司(南海路)
3529,雀巢公司(第八大街)
3530,雀巢普瑞纳
3531,青云里
3532,青光中学
3533,青光农贸市场
3534,青光镇
3535,青凝侯村
3536,青坨村
3537,青坨村小学
3538,青宁路
3539,青少年宫
3540,青山
3541,青山岭
3542,青山溪语
3543,青山溪语北门
3544,青年路
3545,青池西街
3546,青沙路
3547,青泊洼
3548,青甸村
3549,青翠园
3550,青静路
3551,青龙湾大桥
3552,齐东营村
3553,齐家埠村
3554,人民公园
3555,人民公园南门
3556,人民医院
3557,人民法庭
3558,人民街
3559,人民西路
3560,人民警察公寓
3561,仁副营炮台(八一盐场)
3562,仁和园
3563,仁嘉花园
3564,仁安路
3565,仁居鑫园
3566,仁居锦园
3567,仁德路
3568,仁恒滨河湾
3569,仁智道
3570,仁永名居
3571,仁爱路
3572,仁盛里
3573,任凤村
3574,任千户
3575,任贤东里
3576,任贤东里(铁东路)
3577,兴华购物街
3578,华苑地铁站(华苑)
3579,华苑地铁站(原日华里)
3580,如东里
3581,如家快捷酒店
3582,宝龙城幼儿园
3583,容器厂
3584,容彩里
3585,日方里(五马路)
3586,日方里(四马路)
3587,日硝玻璃
3588,日进汽车
3589,榕园
3590,榕城广场
3591,榕苑路
3592,榕苑路物华道
3593,润园里
3594,润杨道
3595,热电公司[南海路]
3596,热电公司[第十一大街]
3597,燃气公司
3598,瑞和道
3599,瑞和道口(东方红路)
3600,瑞和道口(地纬路)
3601,瑞和里
3602,瑞天大厦
3603,瑞安医院
3604,瑞德里
3605,瑞景中学
3606,瑞景园
3607,瑞景小学
3608,瑞景时代
3609,瑞景西道
3610,瑞欣广场
3611,瑞欣广场(712路)
3612,瑞江花园兰苑
3613,瑞江花园竹苑
3614,瑞江花园菊苑
3615,瑞江道
3616,瑞海名苑
3617,瑞益园
3618,瑞秀园
3619,瑞秀花园
3620,瑞能电气
3621,瑞贤园
3622,瑞贤花园
3623,瑞达里
3624,瑞通里
3625,睿智路
3626,荣业大街
3627,荣华桥
3628,荣华桥[津文路]
3629,荣华里
3630,荣善西里
3631,荣国道
3632,荣居园
3633,荣康园
3634,荣晟广场
3635,荣水园
3636,荣溪园
3637,荣盛里[滨海大港]
3638,荣盛里[西青区]
3639,荣程钢铁
3640,荣达馨园
3641,荣达馨园东门
3642,荣迁东里
3643,蓉芳里
3644,融公馆
3645,融创君澜
3646,融创海逸王座
3647,融科心贻湾
3648,融科贻锦台
3649,融通大厦
3650,西南隅
3651,软体工业园
3652,软体工业园(翠亨路)
3653,SM城市广场
3654,SM城市广场公交站
3655,三十五中学
3656,三千路
3657,三号公寓
3658,三号路
3659,三号院总站
3660,三号院总站(团结路)
3661,三号院高层
3662,三合
3663,三合小学
3664,三呼庄村
3665,三和公司
3666,三和小区
3667,三安光电
3668,三家店村
3669,三明里
3670,三星电子
3671,三星电机
3672,三星通信
3673,三条石
3674,三水南里
3675,三溪塘
3676,三潭东里
3677,三环宿舍(天祥工业区)
3678,三电汽车空调
3679,三百万
3680,三百吨(新港一号路)
3681,三经路
3682,三街化工厂
3683,三道沟
3684,三里兴
3685,三间房
3686,上三里(京福公路)
3687,上京和园
3688,上京康园
3689,上京熙园
3690,上京雍园
3691,上京顺园
3692,上仓中学
3693,上仓镇
3694,上仓镇中心小学
3695,上仓镇政府
3696,上北新新家园东门
3697,上北新新家园西门
3698,上古林(小古林饭庄)
3699,上宝塔村
3700,上杭花园
3701,上河头
3702,上蒲口
3703,上辛口
3704,世博华明馆
3705,世春里
3706,世纪华联超市[大碱厂店]
3707,世纪天乐
3708,世纪宾馆
3709,世纪广场[滨海塘沽]
3710,世纪祥和家园
3711,世纪花园
3712,世纪花园[宁河区]
3713,世纪豪庭家园
3714,世通大厦
3715,书香园
3716,十三号大院
3717,十三大街
3718,十三经路
3719,十三顷
3720,十九顷
3721,十二号桥
3722,十五经路
3723,十八局技工学校
3724,十号桥
3725,十四奶牛厂
3726,十四经路
3727,十字街
3728,十间房
3729,升安大街
3730,南孙庄
3731,双东路正营
3732,双东路津港公路
3733,双丰小区
3734,双井
3735,双原道口
3736,双口一村
3737,双口三村
3738,双口中学
3739,双口交通队
3740,双口镇
3741,双口镇政府
3742,双塘二中心幼儿园
3743,双塘派出所
3744,双塘镇医院
3745,双塘集贸市场
3746,双安里
3747,双山里
3748,双庄
3749,双杨树
3750,双林
3751,双桥加油站
3752,双桥开发区
3753,双桥河孙庄子
3754,双桥河小学
3755,双桥镇政府
3756,双桥镇聚和园
3757,双水道
3758,双水道站
3759,双河村[武清区]
3760,双港
3761,双港工业园区
3762,双港新家园北
3763,双港新家园北公交站
3764,双港新家园站
3765,双港装饰城(港鑫湾家居装饰城)
3766,双王寺
3767,双环村站
3768,双街
3769,双街新城
3770,双街新家园
3771,双街新家园南门(顺境路)
3772,双街新家园南门(龙顺道)
3773,双街新村
3774,双街镇政府
3775,双辰东路
3776,双辰中路
3777,双辰前路
3778,双闸
3779,双闸中心小学
3780,双闸卫生院
3781,双闸派出所
3782,双青新家园
3783,双马站
3784,史克必成
3785,史各庄镇政府
3786,史家屯
3787,史家庄[宁河区]
3788,史庄子
3789,司机训练大队
3790,商业大学
3791,商业大学公交站
3792,商业局
3793,商业街
3794,商业街[中新生态城]
3795,商务交流中心
3796,商务职业学院
3797,善门口村
3798,四党口村
3799,四化建
3800,四化里
3801,四化里东门
3802,四十八中学
3803,四号码头
3804,四合庄
3805,四季田园
3806,四季花苑
3807,四季馨园
3808,四小屯
3809,四川路
3810,四平西道
3811,四新宿舍
3812,四方园小区
3813,四机床
3814,四正街
3815,四道桥
3816,四里沽
3817,四里沽路
3818,四马营
3819,圣乾园
3820,圣美园
3821,圣贤道
3822,孙各庄中学
3823,孙各庄村
3824,孙家口
3825,孙家场
3826,孙庄子
3827,孙庄子村[静海区]
3828,实训中心
3829,实训中心南
3830,实验中学
3831,实验大楼(试验楼)
3832,实验学校(福建西路)
3833,实验学校(营口道)
3834,实验小学
3835,审批局
3836,宿纬路
3837,寺各庄
3838,寺沟
3839,尚庄
3840,尚庄子
3841,尚德园
3842,尚德路
3843,尚清湾
3844,山东路(河北路)
3845,山东路(营口道)
3846,山东路(赤峰道)
3847,山水和苑
3848,山河路
3849,山澜乡韵
3850,山西宾馆
3851,山西路
3852,嵩山路
3853,嵩山道
3854,嵩山里
3855,市一中
3856,市委党校
3857,市政工程公司
3858,市政机械
3859,市民广场
3860,市民服务中心
3861,师北里
3862,师范大学公交站(天津师范大学主校区)
3863,师范大学北门
3864,师范大学西门
3865,帝达工业园
3866,思智路
3867,思源道
3868,思科福
3869,慎益大街
3870,手表厂
3871,斯坦雷电器
3872,施耐德电气
3873,时临河
3874,时代奥城
3875,时代广场
3876,时代滨江
3877,时代花园
3878,时代花园公交站
3879,晟楷中学
3880,曙光农场
3881,曙光里
3882,曙光里(尖山路)
3883,松风东里
3884,松风西里
3885,松鹤园小区
3886,树园子
3887,树尔窝
3888,森邦电子
3889,水上公园
3890,水上公园东路
3891,水上公园东门
3892,水上公园西路金谷园
3893,水上村
3894,水东里
3895,水乡花园
3896,水产大厅
3897,水利新村
3898,水处理中心(生态城污水处理厂)
3899,水岸华庭
3900,水岸蓝庭
3901,水库南路
3902,水木天成站
3903,水泵公寓
3904,水溪苑
3905,水电厂
3906,水电厂北门
3907,水科所
3908,水运名苑
3909,水高庄
3910,水高庄园
3911,水高庄工业园
3912,汕头路
3913,沈清庄村
3914,沙井子
3915,沙市道
3916,沙柳北路(沙柳北路)
3917,沙柳北路(盘山道)
3918,泗村店
3919,泗村店公交站
3920,泗村店镇政府
3921,泗水道桂江里
3922,泗水道站
3923,泗水道艺林路
3924,泗水道贵山里
3925,泗阳道
3926,泗阳道站
3927,津南水岸华庭
3928,浯水道桥
3929,狮子林大街
3930,生产街
3931,生态城信息园
3932,生态城医院
3933,生态城服务中心(中新生态城)
3934,生态居住一区
3935,生态湿地公园
3936,生活服务中心
3937,生物医药研究院
3938,生物工程学院
3939,生辉里
3940,盛世华府
3941,盛世华庭
3942,盛世嘉园
3943,盛世天下
3944,盛世家园南门
3945,盛世年华
3946,盛世阳光花园
3947,盛安园
3948,盛星东海岸西门(盛星东海岸东门)
3949,石佛桥
3950,石化储备库
3951,石化总厂
3952,石化社区医院
3953,石化菜市场
3954,石化路
3955,石化路[西环路]
3956,石各庄
3957,石各庄北
3958,石各庄医院
3959,石各庄小学
3960,石头营
3961,石头营桥度假村
3962,石家大院
3963,石家庄
3964,石桥工业园
3965,石油学院
3966,石油新村
3967,石油新村公交首末站
3968,石油新村北区
3969,石油新村终点站
3970,石油职业技术学院
3971,石炮沟
3972,石臼
3973,石臼道班
3974,石辛庄
3975,石闸
3976,社会山中心
3977,社会山如鱼
3978,社会山花园
3979,神州花园
3980,神桥
3981,税务局
3982,索庄
3983,绅湖公馆
3984,绍兴道
3985,绥中南楼
3986,绥江道
3987,胜利宾馆
3988,胜利街(迎宾超市)
3989,胜利路
3990,胜利里
3991,胜利里南门
3992,胜港路
3993,胜达家园
3994,舒悦园
3995,舒畅园
3996,舒香园
3997,苏宁电器
3998,苏家园
3999,草场街
4000,赛丰购物广场
4001,赛瑞机器
4002,赛象科技
4003,赛达一号桥
4004,赛达一大道
4005,赛达世纪公寓
4006,赛达世纪大道
4007,赛达伟业
4008,赛达八支路
4009,赛达八纬路
4010,赛达北二道
4011,赛达国际城服务中心
4012,赛达国际工业城
4013,赛达大道
4014,赛达工业园
4015,赛达新兴产业园公交站
4016,赛达路宏源道
4017,超限站
4018,隋家庄
4019,静海食品街
4020,顺义北里
4021,顺义南里
4022,顺义道公交站
4023,顺兴小区
4024,顺兴小区(八河路)
4025,顺和里
4026,顺安里
4027,顺水园
4028,顺驰小区
4029,顺驰小区[宝坻区]
4030,顺驰小学
4031,顺驰桥地铁站
4032,顺驰第一城
4033,食品三厂
4034,首创光和城
4035,首创溪堤郡
4036,首航节能
4037,乐园道地铁站
4038,乐园道地铁站(乐园道)
4039,体北站
4040,体北道
4041,体育中心
4042,体育中心北
4043,体育中心站
4044,体育学院
4045,体育学院东门
4046,体育宾馆
4047,体育馆
4048,体育馆[中心路]
4049,体育馆[宁波道]
4050,体院北
4051,佟楼
4052,佟楼公交站
4053,健康产业园公交总站(天津健康产业园公交站)
4054,健康产业园太湖路
4055,台之味食品公司
4056,台儿庄路津湾广场
4057,台北花园
4058,同乐园
4059,同兴仓库
4060,同心楼
4061,同泽园
4062,同盛学校
4063,同砚路派出所
4064,听景园
4065,唐口南里
4066,唐官屯
4067,唐官屯三街村
4068,唐官屯四街村
4069,唐官屯市场
4070,唐官屯镇政府
4071,唐家口
4072,唐山道
4073,唐庄子
4074,唐庄户
4075,唐河家园
4076,团山子
4077,团泊体育中心
4078,团泊大道小南河
4079,团泊湖温泉酒店
4080,团泊镇政府
4081,团洼
4082,团结东里
4083,团结街
4084,团结西里东门
4085,团结道(芦台一中)
4086,团结里
4087,土城
4088,土城地铁站
4089,土河
4090,坨地
4091,坨子地
4092,塔院东
4093,塔院西
4094,塘沽一中
4095,塘沽一幼
4096,塘沽中心站
4097,塘沽九幼
4098,塘沽五中
4099,塘沽党校
4100,塘沽十三中
4101,塘沽南站
4102,塘沽国际集装箱
4103,塘沽外滩公园
4104,塘沽外滩公园和平路站
4105,塘沽大剧院
4106,塘沽审判管理委员会
4107,塘沽检察院
4108,塘沽森林公园
4109,塘沽法院
4110,塘沽火车站(大连道)
4111,塘沽火车站(新胡路)
4112,塘沽火车站(营口道)
4113,塘沽电视台
4114,塘沽第一职专
4115,塘沽职专
4116,天一绿海
4117,天万道
4118,天保名居花园
4119,天保物流
4120,天保社区(月湾花园)
4121,天保金海岸
4122,天保青年公寓
4123,天元居
4124,天化
4125,天化(营城街)
4126,天化北门
4127,天华实验中学
4128,天华里
4129,天南大新址公交站
4130,天台山车神架景区
4131,天和医院
4132,天和林溪
4133,天和林溪(静湖西区)
4134,天和路桥
4135,天嘉湖
4136,天地伟业
4137,天地源欧筑小区
4138,天塔
4139,天士力
4140,天士力(地铁站)
4141,天士力花园
4142,天士力集团
4143,天大前沿研究院
4144,天大北洋
4145,天大天财
4146,天大宿舍
4147,天大新校址
4148,天大科技园(南海路)
4149,天大科技园(第四大街)
4150,天奕商城
4151,天娇里
4152,天娇里商业
4153,天宇科技园
4154,天安数码城公交站
4155,天安智慧港公交站
4156,天宝新苑
4157,天山北路
4158,天山北路(屿东城)
4159,天山南路
4160,天山水榭花都
4161,天山水榭花都西门
4162,天山路
4163,天山里
4164,天平桥
4165,天广消防
4166,天成桥
4167,天房北路
4168,天拖
4169,天拖北道
4170,天拖大楼
4171,天拖大楼南
4172,天拖大楼南(一中心医院)
4173,天昊公寓
4174,天欣锦园
4175,天汐园
4176,天江公寓(泰康路)
4177,天江公寓(海通街)
4178,天江公寓公交站
4179,天池路馨宇家园
4180,天泰小区
4181,天津七中
4182,天津体育学院新校区
4183,天津八中
4184,天津公交新能源基地公交站
4185,天津华侨城欢乐谷
4186,天津南站
4187,天津南站(南站)
4188,天津博物馆
4189,天津卷烟厂
4190,天津商场
4191,天津四中
4192,天津国际老龄村
4193,天津国际老龄村(梅江公园)
4194,天津图书大厦
4195,天津图书馆
4196,天津外国语大学滨海外事学院
4197,天津外国语学校
4198,天津大学
4199,天津大学仁爱学院
4200,天津大学仁爱学院(西南门)
4201,天津大学新校东门
4202,天津大学新校南门
4203,天津大学新校西北门
4204,天津天狮学院
4205,天津家具街
4206,天津宾馆
4207,天津寝园
4208,天津展特
4209,天津工业大学新校区
4210,天津工业大学西苑公寓
4211,天津开放大学
4212,天津教育招生考试院
4213,天津方特欢乐世界
4214,天津有线电视台
4215,天津服装城
4216,天津机场
4217,天津滨海国际机场
4218,天津滨海国际机场(T2航站楼)
4219,天津滨海国际机场(滨海国际机场)
4220,天津电视台
4221,天津石化油库
4222,天津碱厂
4223,天津科技大学[天津科技大学泰达校区]
4224,天津科技工作者之家
4225,天津站(天津站A1站台)
4226,天津站(天津站A2站台)
4227,天津站(天津站A3站台)
4228,天津站(天津站A4站台)
4229,天津站(天津站A5站台)
4230,天津站后广场(通莎客运站)
4231,天津站后广场公交站
4232,天津站后广场公交站(天津站)
4233,天津站海河广场(天津站B1站台)
4234,天津站海河广场(天津站B2站台)
4235,天津站海河广场(天津站C1站台)
4236,天津站海河广场(天津站C2站台)
4237,天津第五中心医院(医院路)
4238,天津第五中心医院(西半圆路)
4239,天津耀华滨海学校
4240,天津老年大学
4241,天津职业大学
4242,天津花圃
4243,天津警备区
4244,天津财经大学珠江分院
4245,天津财经大学珠江学院
4246,天津青旅
4247,天津高泰科技产业园
4248,天海公寓(黄海路)
4249,天润公寓
4250,天润新苑
4251,天渤公寓
4252,天湾园
4253,天滨公寓
4254,天然气公司
4255,天直工业园
4256,天科所
4257,天穆村
4258,天籁湾
4259,天重江天重工
4260,天重道
4261,天钢联合特钢有限公司
4262,天阔园
4263,天香水畔
4264,天骥智谷
4265,天骥智谷公交站
4266,天鸿公寓
4267,天鹅湖
4268,天鹅湖1号
4269,天鹅湖[武清区]
4270,天鹅湖度假村
4271,太平安路口
4272,太平寺
4273,太平村二中
4274,太平村镇运管所
4275,太平镇消防大队
4276,太平镇老年公寓
4277,太昌里
4278,太湖东路公交站
4279,太湖东路公交站(太湖路)
4280,太湖路
4281,太重有限公司
4282,太阳城
4283,太阳城站
4284,头道沟
4285,投资服务中心
4286,投资服务中心[微电子工业区]
4287,提珂隆公司
4288,文化中心地铁站
4289,文化中心地铁站(文化中心)
4290,昆明湖路
4291,机电学院
4292,桃园
4293,桃园中学
4294,桃园别墅
4295,桃园小学
4296,桃园村大街
4297,桃园观邸东门
4298,桐城
4299,桐景园
4300,汀江西路淮河道口
4301,汤浅蓄电池
4302,泰丰公园
4303,泰丰家园北门
4304,泰丰家园西门
4305,泰兴南路
4306,泰兴路站
4307,泰华路
4308,泰和城小区
4309,泰和大酒楼
4310,泰宁道
4311,泰安道
4312,泰安里
4313,泰安里[静海区]
4314,泰山里
4315,泰康道
4316,泰来道站
4317,泰科图比
4318,泰达一中
4319,泰达中心酒店
4320,泰达二中
4321,泰达二中(泰祥路)
4322,泰达二小
4323,泰达会馆(第二大街)
4324,泰达会馆(黄海路)
4325,泰达体育场
4326,泰达公交公司(滨海新区公交公司)
4327,泰达北门
4328,泰达变压器
4329,泰达园
4330,泰达国际养老院
4331,泰达图书馆
4332,泰达学院
4333,泰达新天地
4334,泰达时代
4335,泰达星海湾
4336,泰达有线电视台
4337,泰达汉郡
4338,泰达港湾
4339,泰达社区医院
4340,泰达福瑞家园
4341,泰达美源
4342,泰达足球场(北海路)
4343,泰达足球场(泰达大街)
4344,泰达轻轨站
4345,泰达轻轨站(泰达)
4346,泰达轻轨站(泰达站)
4347,滩沽村
4348,潭江道
4349,特警总队
4350,甜水井村
4351,甜水井村[滨海大港]
4352,甜水井村委会
4353,甜水井西桥
4354,田丰宾馆
4355,田丽小学
4356,田华里小区
4357,田各庄
4358,田园小区
4359,田场立交桥
4360,田家峪村
4361,田家龙湾
4362,田川里
4363,田庄
4364,田庄(直沽)
4365,田庄子村
4366,田蔡庄
4367,田辛庄
4368,腾源牧业
4369,腾达园
4370,腾达庄园
4371,腾飞路
4372,谭家庄
4373,通北路
4374,通富里
4375,通广公司
4376,通江路
4377,通盛路
4378,通航路(海鸥手表)
4379,通莎客运站
4380,通跃路
4381,通达尚城
4382,通鑫园
4383,铁东路地道
4384,铁锅店
4385,铁锅店路口
4386,银河广场北(原天津宾馆)
4387,万东路
4388,万全道
4389,万兴花园
4390,万卉路
4391,万卉路卉康道
4392,万华里
4393,万发科技园
4394,万家码头
4395,万山道跃进路
4396,万新公寓
4397,万新南公交站
4398,万新机械
4399,万新村东
4400,万新村北站
4401,万新村南
4402,万明园
4403,万明里
4404,万源路
4405,万科实验模范学校
4406,万科新城(万科花园路)
4407,万科新城(普济河东道)
4408,万科新城站
4409,万科新里程
4410,万科柏翠园
4411,万科水晶城
4412,万科清雅苑
4413,万科金域蓝湾
4414,万科魅力城
4415,万科魅力城(终点站)
4416,万绿花园
4417,万达家园
4418,万达广场[滨海塘沽]
4419,万达新城
4420,万达轮胎
4421,万达轮胎集团
4422,万通供热
4423,万通国际新城
4424,中铁城建大厦
4425,乌江北里
4426,五一阳光
4427,五一阳光南区
4428,五一阳光锦园
4429,五七干校
4430,五十一中学
4431,五十中学
4432,五十四中学
4433,五小
4434,五星村
4435,五爱道
4436,五登
4437,五经路
4438,五营村
4439,五车地
4440,五里铺
4441,五麻庄
4442,务本一村
4443,卧河村
4444,卧龙北里
4445,卧龙潭庄园
4446,卧龙里
4447,卫华里小区
4448,卫国道
4449,卫昆桥
4450,卫津路
4451,吴四庄村
4452,吴家塘
4453,吴家辛庄
4454,围堤道
4455,外国语大学
4456,外滩公安街公交站
4457,外环十六号桥
4458,外环线九十五中学
4459,外环辅路秀川路
4460,外运仓库
4461,外院附中
4462,威尼都
4463,威海路
4464,威莱公司
4465,弯头
4466,微七路芦北路
4467,微山东里
4468,微山南路
4469,微山路双水道
4470,微山路桂江里
4471,微山路浯水道
4472,微山路渌水道
4473,微山路贵山里
4474,文化中心
4475,文化中心公交站
4476,文化中心图书馆
4477,文化广场
4478,文博园
4479,文慧南路(文慧南路)
4480,文慧南路(雅深路)
4481,文才公寓
4482,文教厂
4483,文昌道
4484,文江东里(泉江里)
4485,文江美庭苑(上江花园)
4486,文江美庭苑(文江家园)
4487,文玥里
4488,文苑巷
4489,文雅苑小区
4490,无瑕街公交汽车站
4491,无瑕道
4492,旺源道
4493,望海楼
4494,未来科技城
4495,杨村客运站
4496,杨村火车站(原武清火车站)
4497,武宁路口
4498,武安营
4499,武清中医院
4500,武清交通队
4501,武清人民医院
4502,武清前营
4503,武清区委党校
4504,武清华北城
4505,武清卫校
4506,武清商务区
4507,武清城际站
4508,武清城际站(终点站)
4509,武清就业培训中心
4510,武清建委
4511,武清开发区
4512,武清教育局
4513,武清文化公园
4514,武清文化广场
4515,武清新客运站
4516,武清机动车检测线
4517,武清第二养老院
4518,武清老干部局
4519,武清莲胜花园
4520,武清郊野公园
4521,武清防疫站
4522,武田药品
4523,武装部
4524,武警五支队
4525,武警医院
4526,武警后勤学院
4527,武警指挥学院(武警训练基地)
4528,武香路口
4529,污水处理厂
4530,汪庄子大街
4531,浯南道
4532,浯水道
4533,浯水道学苑路
4534,浯水道桂江里
4535,浯水道站
4536,渭水道
4537,物探公司
4538,物流中心
4539,物流园
4540,物美北辰店
4541,王串场
4542,王串场一号路
4543,王串场三号路
4544,王串场六号路
4545,王串场四号路
4546,王兰庄
4547,王兰庄长途客运站
4548,王兰花园
4549,王卜庄
4550,王台
4551,王台村
4552,王善庄
4553,王善政
4554,王姑娘庄
4555,王官屯
4556,王家场
4557,王家坎
4558,王家楼(京福公路)
4559,王家楼(胜利大街)
4560,王家浅
4561,王家营
4562,王庄
4563,王庄[津南区]
4564,王庄子
4565,王庄子[蓟州区]
4566,王庄子[静海区津静公路]
4567,王庄子村
4568,王庄子村[静海区北京道]
4569,王庆坨一街
4570,王庆坨七街
4571,王庆坨九街
4572,王庆坨二街
4573,王庆坨八街
4574,王庆坨医院
4575,王庆坨客运站
4576,王庆坨教师楼
4577,王建庄路口
4578,王房子
4579,王指挥路口
4580,王新房
4581,王朝酒厂
4582,王木庄
4583,王村(津淄公路)
4584,王村(金峰路)
4585,王杜庄
4586,王杠庄
4587,王洪村
4588,王秦庄村西口
4589,王稳庄
4590,王稳庄医院
4591,王稳庄大桥
4592,王稳庄工业区
4593,王良庄
4594,王虎庄
4595,王赞铺村
4596,王辛庄
4597,王顶堤
4598,王顶堤北站
4599,王顶堤卫生院
4600,王顶堤商贸城
4601,王顶堤水产批发市场
4602,王顶堤立交桥
4603,王顶堤站
4604,王顶堤金冠里
4605,窝贝厂路口
4606,维斯塔斯
4607,网通
4608,菊花基地
4609,解放南路地铁站(原卫津桥)
4610,闻家庄
4611,韦庄村
4612,魏家庄
4613,魏家庄(津静公路)
4614,魏庄
4615,魏民里
4616,下三里(南纬三路)
4617,下三里(胜利大街)
4618,下三里铁道口
4619,下五庄村
4620,下仓中学
4621,下仓医院
4622,下仓氧气厂
4623,下仓线路器材厂
4624,下仓镇
4625,下仓镇政府
4626,下坞村
4627,下坞村委会
4628,下朱庄公交站
4629,下殷庄
4630,下河头
4631,下王各庄
4632,下瓦房
4633,下瓦房公交站
4634,下营镇
4635,下营镇高富庄
4636,下辛口
4637,下里庄
4638,信义玻璃
4639,信义玻璃[新开路]
4640,信友道
4641,信号厂
4642,信德里
4643,信息工程学校
4644,信置商业
4645,先春园
4646,先登里
4647,先锋村
4648,先锋路
4649,先锋里
4650,兴业家园
4651,兴业银行
4652,兴华一支路
4653,兴华七支路
4654,兴华二支路
4655,兴华五支路
4656,兴华四支路
4657,兴华市场
4658,兴华村
4659,兴华道
4660,兴华里
4661,兴安花园
4662,兴安路北安桥口
4663,兴安路南市
4664,兴家坨村
4665,兴德里
4666,兴德里(大港医院)
4667,兴慧里
4668,兴旺里
4669,兴河园
4670,兴河路永合道
4671,兴河路永进道
4672,兴盛园小区
4673,兴盛里
4674,兴苑别墅
4675,兴苑家园
4676,兴隆村
4677,兴隆淀
4678,动物园东门
4679,区六中
4680,区医院[静海区]
4681,协和医药
4682,厦门路
4683,向阳村
4684,向阳楼
4685,向阳楼[滨海塘沽]
4686,向阳街
4687,向阳路
4688,咸水沽
4689,咸水沽一中
4690,咸水沽七小
4691,咸水沽三中
4692,咸水沽二中
4693,咸水沽五中
4694,咸水沽五小
4695,咸水沽六小
4696,咸水沽医院
4697,咸水沽四中
4698,咸水沽大件路
4699,咸水沽大队
4700,咸水沽头道沟
4701,咸水沽李庄子
4702,咸水沽镇政府
4703,咸阳北路
4704,咸阳北路站
4705,咸阳北里
4706,咸阳南路
4707,咸阳路
4708,响螺湾公交站
4709,喜峰道
4710,喜满堂会馆
4711,夏各庄
4712,夏官屯
4713,夏家林
4714,夏庄子
4715,夏泰园
4716,夏立庄
4717,夏翔物流
4718,夏青路
4719,学仕府
4720,学府大道
4721,学府路
4722,学校大街
4723,学海路
4724,学苑路
4725,学院区公交站(学院区站)
4726,学院区北站
4727,宣家院村
4728,宣惠园
4729,小三河曾村
4730,小东庄
4731,小东庄地铁站
4732,小东庄地铁站(小东庄)
4733,小从庄
4734,小伙巷
4735,小侯庄
4736,小保安镇村
4737,小倪庄
4738,小八亩坨村
4739,小兰各庄
4740,小兰各庄村
4741,小刘庄
4742,小刘村
4743,小刘辛庄
4744,小北海村
4745,小北涧沽村
4746,小千佛顶村
4747,小南河
4748,小南河村
4749,小卞庄
4750,小卷子村
4751,小口哨
4752,小园
4753,小围堤道
4754,小套村
4755,小孙各庄
4756,小孙庄[西青区]
4757,小孙庄新区
4758,小孟庄
4759,小孟庄[武清区]
4760,小宫城
4761,小富庄
4762,小尹村
4763,小岭子
4764,小崔庄
4765,小巨各庄
4766,小年庄
4767,小张各庄村
4768,小张屯
4769,小张庄
4770,小李庄
4771,小李庄[宁河区]
4772,小杜庄村
4773,小杨庄
4774,小树林
4775,小树林(金狮桥)
4776,小梁子
4777,小沙沃村
4778,小沙窝村
4779,小河口
4780,小海北村
4781,小海地大队
4782,小淀
4783,小淀[地铁站]
4784,小淀地铁站
4785,小淀村口
4786,小港村
4787,小港村口
4788,小王圈村
4789,小王庄
4790,小王庄(天泰路)
4791,小王庄客运站
4792,小王庄桥
4793,小王庄欣园里
4794,小王庄示范镇
4795,小王庄示范镇指挥部
4796,小王庄示范镇社区服务中心
4797,小王庄镇
4798,小王御史
4799,小王村
4800,小王村口
4801,小王村路口
4802,小田庄
4803,小田村
4804,小甸村
4805,小白楼
4806,小神堂
4807,小穿芳峪
4808,小穿芳峪乡野公园
4809,小站
4810,小站一中
4811,小站公交站
4812,小站医院
4813,小站实验中学
4814,小站红旗路(南付营路)
4815,小站红旗路(津歧公路)
4816,小站镇政府
4817,小米庄
4818,小芦庄村
4819,小苏庄
4820,小莫庄村
4821,小营
4822,小营门
4823,小营门(小白楼)
4824,小薄
4825,小街
4826,小街新苑
4827,小西关
4828,小西关(人民医院)
4829,小诸庄
4830,小贺庄
4831,小赵各庄
4832,小辛庄
4833,小辛庄[宁河区]
4834,小辛码头
4835,小邓庄
4836,小镇西西里
4837,小靳庄
4838,小顷甸村
4839,小马庄
4840,小马杓沽村
4841,小高庄
4842,小魏庄
4843,小黄庄
4844,小黄庄[静海区]
4845,希望路(三号院北区)
4846,幸福公园
4847,幸福公园地铁站
4848,幸福公寓
4849,幸福北门
4850,幸福村
4851,幸福楼
4852,幸福花园[宁河区]
4853,幸福超市
4854,幸福里
4855,幸福里南门
4856,幸福高层
4857,幸福高层(949路)
4858,徐堡村
4859,徐堡村[津霸公路]
4860,徐太公路
4861,徐官屯
4862,徐官屯人民法庭
4863,徐官屯医院
4864,徐官屯工业区
4865,徐官屯行政许可中心
4866,徐州里
4867,徐庄子
4868,徐庄子[静海区]
4869,徐庄子中学
4870,徐庄子中学[静海区]
4871,徐庄子公交站
4872,徐庄子村
4873,徐庄子楼区
4874,徐庄子牌坊
4875,新三条石大街
4876,新上古林
4877,新世纪
4878,新世纪公司
4879,新世纪城
4880,新东方家园
4881,新东方家园(顺驰桥)
4882,新中园
4883,新中园小区
4884,新中村公交场站
4885,新中村汽配城
4886,新人民医院
4887,新兴东里
4888,新兴移山
4889,新兴西里
4890,新兴西里北门
4891,新兴路(878路/908路)
4892,新刘庄
4893,新北街办事处
4894,新区公交调度中心
4895,新区文化中心
4896,新区文化广场北门
4897,新十百户
4898,新华中学
4899,新华书店
4900,新华昌运输设备公司
4901,新华村
4902,新华路
4903,新华路百货大楼
4904,新华路超市
4905,新华道
4906,新华道京福线
4907,新华道青宁路
4908,新华道青远路
4909,新华里
4910,新围堤道日报大厦
4911,新城家园公交站
4912,新城家园北门
4913,新城家园南门
4914,新城镇
4915,新城镇[津沽公路]
4916,新城镇政府
4917,新大路
4918,新安镇
4919,新家园路
4920,新寨
4921,新尚园
4922,新尚里
4923,新建里
4924,新开口镇
4925,新开桥
4926,新开河
4927,新开路
4928,新开路村
4929,新开路村南
4930,新开路村委会
4931,新开里
4932,新房
4933,新房子
4934,新房子村
4935,新技术产业园区
4936,新新制药厂
4937,新村一段
4938,新村口
4939,新村大楼
4940,新村街
4941,新桥里
4942,新河小区
4943,新河庄(广州道)
4944,新河庄周转房
4945,新河新区
4946,新河新区东门
4947,新河矿粉物流
4948,新河船厂
4949,新津永公路
4950,新港三号路(海安里)
4951,新港三号路(海防里)
4952,新港供热站
4953,新港八号路
4954,新港客运码头公交站
4955,新港小学
4956,新港文体中心
4957,新港文体中心(海西路)
4958,新港船厂
4959,新湖广场
4960,新湾花园
4961,新源道
4962,新源道口
4963,新澳花园
4964,新濠科技园
4965,新环路
4966,新盛小区东门
4967,新立地铁站
4968,新立地铁站(新立)
4969,新粮里
4970,新纶科技
4971,新货场
4972,新都家园
4973,新都市百货
4974,新都广场
4975,新都汇
4976,旭华道口
4977,旭园
4978,旭日园
4979,旭辉朗悦湾
4980,旭辉澜郡
4981,旭阳路
4982,昔阳里
4983,星光橡塑
4984,星光路
4985,星河湾花苑
4986,星河荣御
4987,星海新苑
4988,星耀五洲
4989,星辰里
4990,曦霞路
4991,杏林公寓
4992,校区商业街
4993,橡胶研究所
4994,欣华苑
4995,欣华苑北门
4996,欣发公寓
4997,欣嘉园二期
4998,欣嘉园站
4999,欣嘉园第一小学
5000,欣园小区
5001,欣桃园
5002,欣美园
5003,欣达公寓
5004,欣雅苑
5005,汐岸国际
5006,消防支队
5007,消防站
5008,湘江道
5009,湘江里(广州道)
5010,湘江里(车站北路)
5011,溪景园
5012,溪湖林语
5013,溪秀苑
5014,熙汇广场
5015,现代产业总公司
5016,现代职业技术学院南门
5017,玺悦峰
5018,祥和东门
5019,祥和园
5020,祥和家园
5021,祥和小区
5022,祥和小区南门
5023,祥和小区西门
5024,禧顺佳园
5025,禧顺馨园
5026,秀丽园
5027,秀山花园
5028,秀川路
5029,秀悦园
5030,秀水苑
5031,秀水路
5032,秀水馨苑
5033,秀河花园
5034,秀金屯
5035,线河一村
5036,线河二村
5037,线河新村
5038,翔园
5039,肖庄户
5040,肖民庄村
5041,肖辛庄
5042,胸科医院北门
5043,胸科医院环湖医院公交站
5044,薛庄
5045,薛庄村
5046,薛庄马庄
5047,行政中心
5048,行政学院
5049,西七园村
5050,西七道
5051,西三百户村
5052,西三道
5053,西中环
5054,西九户村公交站
5055,西九道
5056,西二百户村
5057,西于庄
5058,西八道
5059,西兰坨
5060,西关[津沽公路]
5061,西关大街
5062,西关村
5063,西关西
5064,西北角
5065,西区医院
5066,西区国翔公寓
5067,西区投资服务中心
5068,西区新安路公交站
5069,西区江泰路公交站
5070,西十一道(特变电工)
5071,西十字港
5072,西十道
5073,西南庄
5074,西南楼
5075,西南楼三号路
5076,西南角
5077,西双塘
5078,西双塘村西
5079,西双塘生态城
5080,西台村
5081,西后街村
5082,西四里港
5083,西园北里
5084,西园南里
5085,西园西里
5086,西园道
5087,西围堤道
5088,西圈
5089,西城寝园
5090,西堤头
5091,西堤头加油站
5092,西塘坨
5093,西大套
5094,西大桥
5095,西孙庄
5096,西孟庄村
5097,西孟村
5098,西官房
5099,西寨
5100,西寨路口
5101,西小区南门
5102,西小庄
5103,西小王台村
5104,西小站
5105,西山北头一村
5106,西山北头一村北
5107,西市大街
5108,西庄坨
5109,西庄坨村委会
5110,西店子村
5111,西康路
5112,西康路地铁站
5113,西康路地铁站(西康路)
5114,西新村
5115,西方寺菜市场
5116,西昌里
5117,西曹庄村
5118,西李各庄村
5119,西杨村
5120,西柳木村
5121,西柳行
5122,西树深村
5123,西梁各庄
5124,西楼
5125,西楼(围堤道)
5126,西横堤
5127,西横堤(3路)
5128,西横堤地铁站
5129,西横堤地铁站(西横堤)
5130,西正河村
5131,西毛庄
5132,西汪庄
5133,西沟村
5134,西河桥
5135,西河筒
5136,西河筒社区
5137,西沽
5138,西泥沽
5139,西湖村
5140,西湖道
5141,西湾河村
5142,西潘庄
5143,西焦庄村
5144,西王庄
5145,西碧水园
5146,西稻地
5147,西窑
5148,西站公交站
5149,西站公交站(651路)
5150,西站公交站(A1站台)
5151,西站公交站(A2站台)
5152,西站公交站(B1站台)
5153,西站公交站(B2站台)
5154,西站公交站(C1站台)
5155,西站公交站(C2站台)
5156,西站公交站(西站)
5157,西站公共汽车站
5158,西站北广场公交站
5159,西站南广场
5160,西粮窝
5161,西老鸦口
5162,西肖庄
5163,西花园南门
5164,西苑公园
5165,西苗村
5166,西草场
5167,西营门桥
5168,西董村
5169,西贾口
5170,西走线窝
5171,西赵
5172,西辛庄
5173,西辛庄村口
5174,西边庄
5175,西运小区
5176,西部新城
5177,西部新城公交首末站
5178,西门子
5179,西闸
5180,西闸[九大公路]
5181,西青中等专业学校
5182,西青公交总站(西青开发区公交站)
5183,西青区公路管理局
5184,西青区政府
5185,西青医院
5186,西青实验小学
5187,西青开发区燃气公司
5188,西青开发区管委会
5189,西青开发区赛达园
5190,西青道
5191,西马庄
5192,西马路
5193,西魏甸
5194,西齐各庄村
5195,西龙虎峪镇
5196,许家台卫生院
5197,许家台村
5198,许家台村东
5199,许家台检查站
5200,许家台道班
5201,许家台镇政府
5202,许庄子村
5203,谐海路
5204,象博豪庭
5205,辛侯庄
5206,辛务屯
5207,辛口医院
5208,辛口镇
5209,辛口镇木厂村
5210,辛庄
5211,辛庄卫生院
5212,辛庄子[静海区]
5213,辛庄村
5214,辛柴路
5215,邢家堼
5216,邢庄子
5217,鑫垣小区
5218,鑫山家具
5219,鑫庭花园
5220,鑫建公司
5221,鑫旺里
5222,鑫旺里市场
5223,鑫泰小区
5224,鑫海苑
5225,鑫港园
5226,鑫源道
5227,鑫福家园
5228,鑫苑花园
5229,鑫茂科技园
5230,鑫谷科技园
5231,阜锦道星光路
5232,雪莲桥
5233,霞光道
5234,静海区法院
5235,静海新华里
5236,香园
5237,香堤庭院
5238,香堤苑
5239,香山道
5240,香榭世家
5241,香水园
5242,香海花园
5243,香港花园
5244,香港路
5245,香逸园
5246,香邑花园
5247,香颂园
5248,馨如园
5249,馨桥园
5250,馨港假日五期
5251,馨盛园
5252,馨谷科技园
5253,馨逸家园
5254,驯海路
5255,一中心医院(复康路)
5256,一号桥
5257,一汽夏利
5258,一百中学
5259,一纬路
5260,一经路
5261,一阳磁性材料
5262,业盛家园
5263,业盛道
5264,义兴南里
5265,义和庄
5266,义和街
5267,义安路
5268,义江里
5269,义渡口(东方红路)
5270,于三庄
5271,于京村
5272,于古庄
5273,于台子
5274,于台桥
5275,于各庄
5276,于家堡[静海区]
5277,于家村
5278,于庄子小学
5279,于庄子村
5280,于怀庄
5281,于户庄
5282,于明庄
5283,于潮庄
5284,于辛庄村
5285,云丽园
5286,云华里
5287,云南路
5288,云杉镇
5289,云江里
5290,云河桥
5291,云舒花园
5292,云锦世家公交车站
5293,云鼎花园
5294,云龙里
5295,亚平宁广场
5296,倚岸村
5297,倚虹东里
5298,傅村中学
5299,元吉里
5300,元山里
5301,元纬路
5302,医科大学
5303,医科大学临床学院
5304,印刷城
5305,原平里
5306,友和园
5307,友和里
5308,友好医院
5309,友好街
5310,友好街健身公园
5311,友爱东里
5312,友爱村
5313,友荣生态园
5314,友谊北路
5315,友谊南路
5316,友谊南路桥
5317,友谊商厦
5318,友谊路
5319,友谊路[友谊街]
5320,右江道
5321,园区管委会
5322,园林管理中心
5323,园林绿居
5324,园田队
5325,堰宾里
5326,壹零壹汽车广场
5327,姚江路
5328,姚白庄
5329,宇正园
5330,宇泰家园
5331,宇翠里(宇萃里)
5332,宜兴埠
5333,宜兴埠北
5334,宜兴埠工业区管委会
5335,宜君里
5336,宜家家居东丽站
5337,宜宾西里
5338,宜宾道
5339,宜宾道地铁站
5340,宜昌里
5341,宜春里
5342,宜白小区
5343,宜白楼(均胜路)
5344,宜白楼(宜白路)
5345,尤古庄医院
5346,尤古庄村
5347,尤古庄镇
5348,尤妮佳
5349,尧山道
5350,尧舜牡丹产业园
5351,尹庄子
5352,屹马汽车
5353,岳园小区
5354,岳家园
5355,岳龙庄
5356,岳龙镇政府
5357,左江道地铁站(左江道)
5358,幺六桥(690路)
5359,幺六桥(金桥街道办事处)
5360,幺六桥道
5361,延吉道
5362,延安楼
5363,延安西路
5364,延安路
5365,延安里
5366,延川里
5367,引河里北道站
5368,引滦小区
5369,御河湾
5370,御溪园
5371,御龙园
5372,御龙湾
5373,怡华路
5374,怡华路吕祖堂
5375,怡和村
5376,怡园商务酒店
5377,怡安温泉公寓
5378,怡林园
5379,怡然北门
5380,怡然南门
5381,怡然庭苑
5382,怡然装饰城
5383,怡购商业广场
5384,怡购清华园
5385,怡馨花园
5386,悦和里
5387,悦波路
5388,悦盛里
5389,悦蓝轩
5390,悦雅花园
5391,愉悦港湾小区
5392,意大利工业园
5393,意式风情区(平安街)
5394,意式风情区(进步道)
5395,易居庭苑
5396,昱和里
5397,月坛商厦
5398,月季园
5399,月桂园
5400,月桥村
5401,月牙河
5402,月牙河南路
5403,月牙河路祥和家园
5404,月牙西里
5405,月纬路
5406,月荣轩
5407,杨伍庄
5408,杨凤庄
5409,杨北公路[津大线]
5410,杨北津榆路口
5411,杨台
5412,杨台村
5413,杨嘴
5414,杨堤
5415,杨家口
5416,杨家园[京福公路]
5417,杨家园[杨家园村路]
5418,杨家园学校
5419,杨家园村委会
5420,杨家套村
5421,杨家峪村
5422,杨家庄
5423,杨家泊
5424,杨家泊小学
5425,杨家泊镇政府
5426,杨岗庄
5427,杨崔路口
5428,杨庄子
5429,杨庄子村[武清区]
5430,杨庄子村东
5431,杨恒庄
5432,杨惠庄
5433,杨成庄大桥
5434,杨拔村
5435,杨李院(胜利大街)
5436,杨村一中北门
5437,杨村三中
5438,杨村八中
5439,杨村八小
5440,杨村六中
5441,杨村机场
5442,杨村第一中学
5443,杨村第三中学
5444,杨柳庄
5445,杨柳青一中
5446,杨柳青三中
5447,杨柳青临时客运站
5448,杨柳青公交站
5449,杨柳青农场
5450,杨柳青发电厂
5451,杨柳青工业园
5452,杨柳青庄园
5453,杨楼
5454,杨津庄
5455,杨津庄职专
5456,杨津庄路口
5457,杨玉路口
5458,杨疙疸村
5459,杨相公
5460,杨科庄
5461,杨花庄
5462,杨营村
5463,梅江道地铁站
5464,榆关道
5465,榆关道地道
5466,榆林路
5467,榆林路桂江里
5468,殷庄
5469,永乐桥
5470,永信道
5471,永兴道
5472,永创石化
5473,永利花园
5474,永合道
5475,永安公墓
5476,永安公墓停车场
5477,永定塔陵
5478,永康道
5479,永康里
5480,永旺购物中心
5481,永旺超市
5482,永明里
5483,永红医院
5484,永红村
5485,永红桥
5486,永高公司
5487,沂山路公交站
5488,油建四部
5489,油田一中
5490,油田三中
5491,油田三中(541路)
5492,油田二中
5493,油田公司机关
5494,油田公园
5495,油田四中
5496,油田客运总站(三号院客运站)
5497,油田宾馆
5498,沿河路建设三道
5499,沿河路建设五道
5500,洋货市场
5501,洋闸
5502,津海公路一号路
5503,浴杨道
5504,渔坝口
5505,渔津庄
5506,渔阳南路
5507,渔阳宾馆
5508,游泳馆[鑫源水世界]
5509,溵溜镇
5510,溵溜镇北
5511,瀛台里
5512,烟台道(新华路)
5513,烟台道(河北路)
5514,烟台道[滨海塘沽]
5515,烟草公司
5516,燕居
5517,燕山路
5518,燕赵大厦
5519,玉台春
5520,玉台春(552路)
5521,玉山里
5522,玉峰花园
5523,玉琢里
5524,玉翠里
5525,玉锦路
5526,玉龙滑雪场
5527,瑜峰园
5528,瑶山路
5529,盈江西里
5530,盈翠名苑
5531,益华里
5532,益客斯泰克
5533,益寿东里
5534,益寿里
5535,益寿里(靖江路)
5536,盐场三化
5537,盐坨桥
5538,研究院西门
5539,禹洲尊府
5540,移动营业厅
5541,窑上村
5542,窑上村[武清区]
5543,粤江里
5544,约翰迪尔
5545,耶律各庄
5546,育康园
5547,育才里
5548,育梁道
5549,育水佳苑
5550,育贤里
5551,艳泉里
5552,艳益家园
5553,艺术家园
5554,艺术职业学院
5555,艺林路
5556,苑家堡
5557,苑家庄村
5558,英伦世家
5559,英伦假日
5560,英伦名苑
5561,英利公司
5562,英利公司[东疆港]
5563,英华国际学校
5564,英庄子
5565,英泰公司
5566,英诺印刷
5567,药明康德
5568,药材公司
5569,药研院
5570,莹华里
5571,莹津里
5572,营城塑料厂
5573,营富道
5574,营浮路
5575,营玉路
5576,营瑞路
5577,营瑞路大明道
5578,营盘圈
5579,融科贻锦台西门
5580,袁村
5581,袁罗庄
5582,裕和家园
5583,裕国楼
5584,裕岭嘉园
5585,裕川建材
5586,裕腾置业
5587,谊龙花园
5588,贻丰园
5589,贻丰园东门
5590,贻丰家园
5591,贻和花园
5592,贻成东园
5593,贻成小学
5594,贻成泰和新都
5595,贻成豪庭
5596,贻欣园
5597,贻正嘉合
5598,贻芳嘉园
5599,越秀园
5600,越秀园中区
5601,越秀园小学
5602,越秀路
5603,跃升里
5604,跃升里公交站
5605,跃进路
5606,跃进里(东江路)
5607,跃进里[西青道]
5608,迎宾大道
5609,迎宾馆
5610,迎新村
5611,迎春里
5612,迎水东里
5613,迎水北里(王顶堤)
5614,迎水北里(苑中路)
5615,迎水北里(迎水道)
5616,迎水西里
5617,迎水西里(红旗南路)
5618,运动中心
5619,运家庄
5620,运河中路
5621,运河北路
5622,运河城
5623,运河家园
5624,运河桥
5625,运泽花园
5626,运营维护中心
5627,运通广场
5628,运通广场(杨村二百)
5629,远东百货
5630,远大城
5631,远景一村
5632,远景三村
5633,远景二村村委会
5634,远景庄园
5635,远洋城
5636,远洋城(102路)
5637,远洋城道公交站
5638,远洋宾馆
5639,远洋新干线
5640,远洋红熙郡
5641,逸仙园(达成一支路)
5642,逸仙科技工业园
5643,逸城雅园
5644,逸安园
5645,逸康新村
5646,逸海庭院
5647,逸涛园
5648,邮政局
5649,邮电大厦
5650,郁江南里
5651,银河公寓
5652,银河大酒店(津塘公路)
5653,银河大酒店(滨瑕里)
5654,银蕊园
5655,闫北村
5656,闫各庄
5657,闫庄
5658,闫皮庄
5659,阅湖苑
5660,阎庄子
5661,阳光100
5662,阳光100公交站
5663,阳光家园一里二里
5664,阳光家园三里四里
5665,阳光小区
5666,阳光小区[滨海大港]
5667,阳光新干线
5668,阳光社区服务中心
5669,阳光逸墅
5670,阳光银座
5671,阳安里
5672,阳新里
5673,阳春里
5674,隐贤村
5675,雅园里
5676,雅境花语城
5677,雅士道公交站
5678,雅士道长华里
5679,雅安东里
5680,雅安西里
5681,雅安里
5682,雅川家园
5683,雅润嘉园
5684,雅深路津沽路
5685,雅湖里
5686,雅致里
5687,雅观路派出所
5688,雅言路天桥
5689,雅迪电动车
5690,雅静里
5691,雅馨路天桥
5692,雍阳桥
5693,音乐厅
5694,颐养院(前营路)
5695,颐养院(南付营路)
5696,颐安花园
5697,鱼市庄
5698,万锦中央公园
5699,中义心村
5700,中于飞村
5701,中交地产c谷
5702,中保楼
5703,中信公园城
5704,中信工业区
5705,中信广场
5706,中信广场(终点站)
5707,中兴桥
5708,中兴沽村
5709,中兴道
5710,中冶环保公司
5711,中北乐园公交站
5712,中北二街
5713,中北公交站
5714,中北大道
5715,中北小学
5716,中北斜村委会(溪华苑)
5717,中北汽车工业园(金进光电)
5718,中北汽车工业园九川道
5719,中北里
5720,中北镇中心幼儿园
5721,中北镇公交站
5722,中北镇工业园管委会
5723,中北高新区
5724,中区西里
5725,中医一附院
5726,中医一附院新院
5727,中医学院(天津中医药大学)
5728,中医院[宁河区]
5729,中华民营经济园
5730,中华石园
5731,中后街村
5732,中嘉东道
5733,中国一重
5734,中国农业银行
5735,中国移动(胜利大街)
5736,中国联通
5737,中国航天
5738,中塘公交站
5739,中塘村
5740,中塘示范镇
5741,中塘镇政府
5742,中塘顺利桥
5743,中天东门
5744,中央大道航母主题公园
5745,中孚路
5746,中山门
5747,中山门东里
5748,中山门二号路
5749,中山门南里
5750,中山门和睦道(中心北道)
5751,中山门和睦道(中心西道)
5752,中山门虎丘路
5753,中建商混
5754,中建幸福城
5755,中建滨海壹号
5756,中德应用技术大学
5757,中心公园(826路/838路)
5758,中心公园(851路)
5759,中心公园(92路/827路)
5760,中心公园(93路/185路)
5761,中心公园(9路/831路)
5762,中心公园(丹东路)
5763,中心公园(承德道)1
5764,中心公园(辽宁路)
5765,中心北道
5766,中心北里
5767,中心南道
5768,中心商务区
5769,中心商务区管委会
5770,中心大道中环南路
5771,中心大道西九道
5772,中心大道西十一道
5773,中心庄
5774,中心庄中学
5775,中心庄路
5776,中心桥
5777,中心渔港海湾一道
5778,中心渔港海湾五道公交站
5779,中心西道
5780,中成机械制造公司
5781,中成装备制造公司
5782,中捷道沽村
5783,中旺镇政府
5784,中昌北大道
5785,中昌新村
5786,中晓园
5787,中河
5788,中河头
5789,中河桥
5790,中港路
5791,中环东路
5792,中环半导体
5793,中环南路
5794,中环南路(益源钢板)
5795,中环南路航海路
5796,中环学院
5797,中环西路西七道
5798,中环西路西八道
5799,中生大道
5800,中盛里
5801,中石油桥
5802,中矿
5803,中研院附属医院
5804,中科百奥
5805,中粮
5806,中联产业园服务区
5807,中航直升机
5808,中船重工
5809,中营村
5810,中裕园
5811,中西村
5812,中财塑胶
5813,中赵路
5814,中辛庄
5815,中郑各庄
5816,中部新城
5817,中铁十八局
5818,中铁十八局五公司
5819,中铁滨海欣城
5820,中阳里
5821,中际装备
5822,众兴里
5823,众惠里
5824,众智园
5825,众美青城
5826,住重机械
5827,制盐一场[452路]
5828,制药厂
5829,卓尔国际商贸城
5830,卓达科技
5831,只官屯
5832,周于庄
5833,周家务
5834,周家庄
5835,周家院
5836,周庄[蓟州区]
5837,周庄子
5838,周庄子村
5839,周庄子村口
5840,周李庄
5841,周李院
5842,周良水苑小区
5843,周邓纪念馆
5844,四六四石油物探局
5845,在水一方
5846,增产道
5847,增光道
5848,增兴窑
5849,增富堂(京福公路)
5850,增富堂(胜利大街)
5851,增强楼
5852,增江道
5853,壮特五金
5854,天津中医药大学新校区
5855,子牙南里
5856,子牙开发区管理中心
5857,宙纬路
5858,宝坻中医院
5859,州河公园
5860,州河湾西园
5861,左云里
5862,左家铺
5863,左庄子村
5864,左江道
5865,庄房村
5866,张丁庄
5867,张五庄
5868,张五店
5869,张兴庄
5870,张兴庄[地铁站]
5871,张凤庄
5872,张古庄村
5873,张善庄
5874,张四庄
5875,张大庄
5876,张头窝
5877,张子铺村
5878,张官屯
5879,张家圈村
5880,张家庄
5881,张家店
5882,张家房子
5883,张家村
5884,张家窝中学
5885,张家窝家泰里
5886,张家窝工业园(丰泽道)
5887,张家窝工业园(京福支线)
5888,张家窝村
5889,张家窝镇政府
5890,张庄子
5891,张庄村
5892,张彪庄
5893,张港子村
5894,张秀庄路口
5895,张老仁村
5896,张贵庄
5897,张贵庄站
5898,张辛庄
5899,张辛庄[武清区]
5900,张辛庄村
5901,张高庄
5902,志成路
5903,忠旺铝材
5904,忠旺集团办公区
5905,总公司大楼
5906,总医院
5907,总医院西门
5908,总场
5909,总工会
5910,总部基地
5911,总部基地二区
5912,战备闸
5913,招待所
5914,振业里(迎宾街)
5915,振兴路
5916,振华桥
5917,振华里
5918,振宜楼
5919,振财里
5920,政安里
5921,政通大厦
5922,早安营
5923,昭阳寺
5924,智利风情园
5925,智慧山科技园
5926,智能装备园
5927,智造创想城
5928,曾庄
5929,朱唐庄
5930,朱头淀
5931,朱头淀村
5932,朱家槽
5933,朱家窝
5934,朱庄子
5935,朱庄村
5936,朱方庄
5937,朱杨庄
5938,朱耳峪
5939,枣林大道
5940,枣林大道(180路)
5941,梓华轩书店
5942,梓苑路华天道
5943,梓苑路开华道
5944,棕榈园
5945,正义道
5946,正兴里
5947,正营
5948,正营工业园区
5949,正营开发区
5950,正营道
5951,水木天成
5952,泽园
5953,泽天下
5954,泽惠园
5955,泽杨道
5956,泽水园市场
5957,浙商大厦
5958,浙江路小学
5959,浙江路小学分校
5960,渔港投资服务中心
5961,湛江路
5962,照明南里
5963,照明里
5964,照湖西里
5965,珠峰商场
5966,珠峰里
5967,珠江公园
5968,珠江小区
5969,珠江桥
5970,珠江装饰城
5971,珠江道
5972,珠江道茶城
5973,珠江里
5974,珠江里[滨海塘沽]
5975,甄营中心小学
5976,甄营村
5977,甄马庄
5978,直沽桥
5979,真理园
5980,真理道
5981,知景道
5982,研究院南门
5983,砖垛
5984,砖瓦厂
5985,碧水家园
5986,竹山路
5987,竹新苑
5988,紫云中学
5989,紫云公园
5990,紫云公园(中央大道)
5991,紫云园
5992,紫光路
5993,紫园
5994,紫枫苑
5995,紫桂苑
5996,紫江馨苑
5997,紫玉园西门
5998,紫瑞园(辰兴路)
5999,紫瑞园(龙岩道)
6000,紫瑞园西门(辰旺路)
6001,紫瑞园西门(龙岩道)
6002,紫荆苑
6003,紫金公寓
6004,紫金山路蓝水园
6005,紫阳桥
6006,紫韵花苑
6007,纸箱厂
6008,综合保税区
6009,综合执法局
6010,综合服务中心
6011,翟家甸
6012,职业大学
6013,肘各庄
6014,肿瘤医院
6015,自由道
6016,自贸区大厅
6017,致富村
6018,融创知香园
6019,詹安路
6020,詹庄子
6021,詹滨里(招远路)
6022,资阳路
6023,赵北村
6024,赵各庄
6025,赵官屯
6026,赵家地
6027,赵庄
6028,赵庄中学
6029,赵庄南
6030,赵庄子
6031,赵庄子村
6032,赵本
6033,赵沽里
6034,赵温村
6035,赵翰林庄村
6036,赵苑小区
6037,赵连庄
6038,辰兴路佳宁道
6039,造甲中学
6040,造甲国道服务站
6041,造甲工业区
6042,造甲邮政所
6043,造甲镇政府
6044,造纸宿舍
6045,造纸宿舍(张贵庄)
6046,郑家套
6047,郑家楼
6048,郑州道
6049,郑庄子
6050,郑庄子[西青区]
6051,郑庄子村
6052,重工
6053,重阳里南门
6054,鑫银大厦
6055,钻井公司
6056,钻井路
6057,镇政府[静海镇]
6058,震新村
